"","BlueV","GreenV","RedV","RedEdge1V","RedEdge2V","RedEdge3V","NIRV","NIR2V","SWIR1V","SWIR2V","BlueP","GreenP","RedP","RedEdge1P","RedEdge2P","RedEdge3P","NIRP","NIR2P","SWIR1P","SWIR2P","BlueO","GreenO","RedO","RedEdge1O","RedEdge2O","RedEdge3O","NIRO","NIR2O","SWIR1O","SWIR2O","Class_Id"
"1",1014.25,1004,1071.25,1314.75,2067.5,2522.75,2469.5,2877.75,2153.5,1153.5,864.75,745.5,538,861,1596.25,1845.75,1835.25,1980,1347.25,773.5,856,549.25,354.5,396.25,508.5,561.75,495.75,573.25,470,298.25,1
"2",1083.25,1078,1262,1411.75,1959.5,2332.5,2276.75,2704.75,2459.75,1442.25,839.75,710,461.25,787.25,1856.25,2100,2153,2349.5,1173,594,864.75,579.5,370.75,498,805.25,881.5,846.75,997,570.5,291.75,1
"3",1031.75,995.25,1046,1254,1994,2382.75,2308,2702.25,2278.75,1247,950.75,858.25,667.25,1085,2192,2612,2630.75,2840.25,1970,1067.75,1012.75,828.75,624.25,966,1984.75,2325,2385.75,2625,1713,878.75,1
"4",894.5,811.75,713.5,926.75,1665,2002,1914,2245.5,1412,697.25,806,609,423.75,584.5,1254,1504.5,1485.75,1622.25,1023,527,825,504,303.75,295.5,425,420.25,392,433.25,237,121.75,1
"5",1058,1041.25,1096.25,1272.5,1832,2108.75,2072.25,2393.5,2134.25,1224,911.75,770.75,612,923.75,1660.5,1923.25,1870.25,2106.5,1576,910.5,993.75,754,614.75,777.25,1121.25,1239.25,1259,1386.5,1337.25,841.75,1
"6",1065.5,1065.75,1097,1390,2383.25,2833.25,2784,3170.25,2115.75,1166,903.5,826.75,593.5,1034.25,2142.5,2507.5,2450.5,2663.75,1535,830,1009.5,831.75,689,1025.25,1575.5,1756.5,1754.25,1948,1407.25,824.75,1
"7",902.25,823.75,702.25,932.25,1983.5,2427.5,2368.25,2667.5,1329.5,691.75,940.75,814.75,700.5,1032.75,1712.25,1996.5,1970.5,2253.25,1755.5,1115.5,1014,801.25,680.5,888.75,1395.25,1497.5,1601.75,1782.25,1209,756.5,1
"8",1012,991.25,961.25,1265.75,2117.25,2410.75,2442.75,2789.5,1981.5,1068.75,919.5,803.25,646.75,1052.5,1991.25,2299,2295,2522.25,1679,915.75,985.25,765.5,643,890.5,1472.75,1641.5,1688.25,1887.5,1409,833,1
"9",917,875,770.75,1071,2665.75,3481.5,3348.75,3854,1813.75,867.25,934.25,841.25,694.5,1131.5,2004.25,2311.75,2427,2613,1922.5,1086.5,1018.75,837,784,1141.5,1844.25,2212.25,2340,2655,1846.25,1074.75,1
"10",878.25,811.75,682.25,974.5,2090.25,2585.25,2481.75,2932,1525.5,726.75,866.25,701.5,545.25,780,1302.75,1493.5,1513.5,1683,1379.5,827.5,890,634.75,451.25,647.25,1212,1347.5,1378.25,1569.25,898.25,461.5,1
"11",953,903,846.25,1071,1953.75,2341.5,2314.75,2630.75,1619,867.5,890.25,734.75,613.25,850.5,1473.5,1668.25,1655,1823,1467.75,920.75,929.75,668.75,513,641,884.5,1020.25,978.75,1076.5,873.25,548,1
"12",1160.75,1250.75,1425.5,1631.25,2137,2396,2358.25,2699.25,2722.5,1772.75,1057,1063.25,966.5,1422.75,2507.25,2885.25,2850,3091.5,2449,1492.25,1153.75,1061.5,1062.5,1292.25,1744.25,1858.75,1876,2053.75,1985,1270.25,1
"13",1008.25,1042.5,1028.75,1263.25,2308.25,2751.25,2670,3024.5,1856.5,1046.75,1284.75,1352.75,1592,1771.25,2014.5,2121.75,2099.25,2187.25,2635.75,2016.5,1140.5,1007.75,1166.25,1335.5,1509.75,1677,1712,1896,2574.5,1843.75,1
"14",1022.25,1085.25,1108,1392.25,2422.5,2849.5,2732.25,3087.75,2093.75,1194.5,1290.75,1465.25,1855.25,2010.5,2239.5,2356,2281.75,2341.5,2732.5,1988.5,1069.5,925.5,1049,1183.75,1371.5,1502.5,1514.75,1646,1952.25,1323.75,1
"15",1125,1201,1303.25,1502.5,2271.25,2670.5,2550.75,2889,2275.25,1454.25,1292.75,1374.5,1647.25,1833.75,2117,2283.5,2257.5,2381.5,2649,2004.75,1185.75,1091.25,1169.75,1420.25,1781.5,1938.25,1977,2128,2440.25,1722.5,1
"16",946,947,827.75,1138.75,2328.5,2844.5,2792,3143,1781,930.5,1096.75,1068.25,1251.25,1457.25,1707.75,1856.5,1896.5,2059,2466.5,1821.25,1053.25,876.25,896.75,1146.75,1484.75,1683,1679,1900.75,2223.5,1535,1
"17",1174.5,1230,1273.5,1451.75,2295.75,2735,2653.75,2975.75,2064.5,1331.75,1348.25,1389.25,1582.25,1758.25,2039.75,2134.25,2127.5,2249.75,2494.75,1951.5,1330.5,1262,1399.25,1613.25,1975.25,2184,2253.75,2376.75,2553.25,1840.5,1
"18",943.25,926.25,864.75,1088.25,2091.25,2581.5,2484.75,2778.5,1580.75,871.75,1159,1166,1344,1520.25,1817,1956.75,1957.75,2034.75,2305,1716.25,987.5,760.5,762,869,1036.25,1145.75,1165,1272.25,1643.25,1175.25,1
"19",968.75,997.75,941,1240,2306.25,2754,2672.25,2972.25,1810.75,989.25,1232,1290.5,1581.25,1728.5,1946.75,2061,2044,2162,2792,2142.25,1138.75,1011.5,1222.25,1376.75,1603.25,1785.25,1840,1997.25,2721.75,1943.75,1
"20",920.75,911.5,793,1081.5,2271.75,2852.25,2735.25,3148.25,1626.5,827,990.5,867.25,926,1105.25,1393.25,1538,1531.5,1694,1975.5,1394.5,990.25,747.75,752.75,912,1142.25,1273.5,1345.5,1518.75,1458,934.25,1
"21",945.25,942.5,838.5,1109.75,2157.75,2600.25,2475.25,2855,1600,841.25,1006.75,903.25,920.5,1089.5,1365,1500,1496.5,1617.75,1660.75,1203,995,764.5,761.75,902.75,1087.75,1210.75,1225.75,1339,1283.25,871.25,1
"22",1034.5,1089.75,1075.5,1380.75,2524.25,3084.25,2930.75,3331.5,2026.5,1146.5,1197,1209.25,1423,1651,1951.25,2111.75,2112.75,2225,2466.25,1783,1178,1061.25,1311.25,1585.25,1918,2155.25,2203.75,2423.25,2591.5,1695.25,1
"23",863,824.75,604,932,2227.75,2774.5,2624.5,3038.25,1394.5,631,960.25,802.75,785,922,1116,1198.75,1207.75,1287.5,1428.25,1038.25,929,631,513,563.75,689.25,725.25,723,794.5,787.75,521,1
"24",916,893.5,763.75,1035.5,2152,2656.5,2509.75,2846,1457.5,746.5,1045.5,936.25,985.25,1091.75,1230.25,1314.75,1305.5,1407.25,1580,1196.25,1004.5,759.75,785.5,927,1076,1210,1219.5,1352,1309,878.75,1
"25",959,975,888,1206.75,2389.75,2845.5,2726,3169.25,1755.5,910.75,1123.5,1115,1273.5,1449.25,1719,1823.75,1778.5,1929.75,2030.25,1443.5,1108,948.25,1121.75,1407.75,1742.5,2048.75,2134.25,2369.75,2437.5,1538.75,1
"26",1035.5,1104.75,1131.5,1411.75,2252,2677.25,2505.5,2846,1902.25,1093.5,1045.25,980,1047.25,1231,1560.25,1687.75,1717.75,1837,1928.75,1369,1161.75,1055.5,1259.75,1477.25,1768,1998.5,2045.5,2197,2146.75,1442.75,1
"27",884,882.25,687.5,1057.75,2658.75,3453.75,3370.25,3820.25,1633.75,743.25,1071,990.25,1094.25,1266.25,1531.5,1662.25,1635.25,1775.5,2085.5,1553.25,1142.5,996.5,1263,1541.25,1906.75,2201,2279.5,2608.5,2775.5,1832.5,1
"28",945.5,968.25,837.75,1131.75,2150,2571,2371.25,2731.75,1502.25,800.25,1045.5,943.75,1022,1122.25,1260,1324.5,1314,1398,1585,1191.75,985,738.75,734.25,829.5,948.5,1028.25,1044.75,1109,1151.75,778.5,1
"29",990,1031.25,1032.25,1365.25,2240.5,2693.5,2566,2955.75,1990.25,1108.5,1116.5,1098,1244.25,1460.5,1805.5,1949.25,1945,2095,2197.75,1509.25,1053.5,868.75,916.75,1127.5,1509.25,1720.5,1754.75,1921.75,1905.75,1184.5,1
"30",979.75,982.5,995,1229.25,2113.75,2519,2399,2753.5,1750.5,1009,1084.75,1058.5,1279.75,1536.75,1863.5,2021,2013.25,2193.5,2329.5,1593.5,1029.5,809.75,912.75,1106.5,1432,1611.5,1684.25,1835.5,1624,985,1
"31",935.75,933.75,839.75,1108,2015,2382.25,2270,2551.75,1489,817.25,1049.25,984.5,1113,1239.5,1416.75,1505,1459.25,1565,1700,1218.5,1004,778.5,794,939.75,1133,1329.75,1330.75,1453,1213,792,1
"32",906,875.75,726.25,1037.5,2155.25,2706.5,2582,2930.5,1500.5,772.5,1056.5,952.5,1056.5,1238,1491,1606.75,1605.5,1748.25,1895.5,1342.5,1002.5,749.25,760.75,909,1142.25,1285.25,1310.75,1454,1369.75,858.25,1
"33",1059.5,1086.5,1108.25,1310.5,2098.75,2484.25,2340.25,2656.25,1763.5,1104.5,1158.75,1130,1243,1389.75,1720.5,1866.25,1812.5,1967.5,1914.25,1356.5,1112,926.75,964.5,1171.25,1406,1546.75,1524.75,1678.75,1589.5,1055.5,1
"34",889.5,839,696.25,964.25,1991,2478.25,2369.75,2749.75,1359,637.5,976.25,821,854.75,1015.25,1266.5,1431.75,1419,1601,1686,1139.75,920.75,626.5,529.75,623.5,787.25,863.25,858.5,981.25,765.25,461.5,1
"35",860.75,845,612,972.75,2337,2927,2775,3193.5,1426.25,649.25,1012,890,941.75,1170.75,1519.5,1701.75,1734.75,1893.5,2013.75,1331.25,938,644.25,558,630.75,760,837.25,821.5,922,782.5,500.75,1
"36",843.25,820.75,588.5,948,2294.75,2909,2771.25,3171.5,1366.75,605.75,1022.5,894.25,1007,1180.5,1433.5,1588.25,1637.25,1798.75,2121.75,1465.75,988.5,731.75,749.5,868.25,1045.5,1141.5,1189.75,1316,1101.75,673.75,1
"37",877,858.25,722.5,1030.25,2219.75,2778.5,2679.75,3094.75,1569.25,797.75,1031.75,938.25,1061,1221.75,1428,1588.5,1632.25,1756.25,2418.5,1715.25,1020.25,808.75,841.25,1012.5,1216.5,1362.25,1414.5,1527.75,1628.25,1018,1
"38",869.5,832,629.75,935.5,2257.75,2861.75,2737,3111.25,1373.25,635.5,960.5,804,808.5,935.75,1125.5,1220.25,1234.25,1352,1612,1196.75,962.25,691.75,656,752.5,900.25,1000.75,999.5,1092.5,1066.5,696.5,1
"39",926,915,754.25,1077.75,2267,2779.5,2606.25,2975,1478.75,719.5,1017,901.25,917,1042.25,1220.75,1305.75,1285.75,1380.75,1454,1063.75,1000,732.25,697.5,804.25,958,1028.75,1061.25,1152.25,1077,714,1
"40",918.75,925,764.75,1092,2320.75,2821.25,2680.75,3048.25,1577,792.25,1113,1051.75,1215,1399,1587.25,1725.75,1733.75,1872.75,2211.25,1655.75,1113.25,934.75,1161.75,1380,1657,1900.75,1995.25,2234,2095.25,1377,1
"41",963,1026,975.25,1312.25,2280.75,2654.75,2506.25,2810.25,1958.75,1099.5,1144.25,1206.25,1505.5,1650,1835.75,1919,1843.25,1904.75,2600.5,1883.75,1040.25,855,919.5,1042,1201,1316.5,1266.75,1358.25,1607,1053.75,1
"42",978.5,1005.5,1004.5,1248.5,2128.75,2560.5,2411.75,2769,1970.75,1101,1147.75,1155,1359.5,1593.75,1930.75,2119.25,2123,2289.75,2923,1970.75,1047,873.25,947.75,1086.25,1377.5,1513.5,1538.5,1665.25,1852.25,1153.75,1
"43",882.25,875.75,685.25,1055.75,2316.75,2797.75,2652.25,3018.75,1662.75,789.5,1102.75,1076,1305.25,1468,1653.5,1805.5,1761.25,1882.25,2609.75,1880,994,737.75,715.75,820,943.75,1032.75,1047.5,1147.75,1363.75,882.5,1
"44",916.75,954.25,803.75,1201.75,2686,3323.5,3186.5,3585,1915.5,936.25,1068,1041,1213,1370.25,1604.75,1758.25,1709,1835.75,2717.75,1952.5,1112.5,954,1065.25,1272,1486.75,1669.25,1672.25,1816.5,2506,1676.75,1
"45",942,1020.5,966,1380,2677.25,3197.25,3034.25,3429.25,2232.75,1157,1144.5,1219.75,1614,1805.25,2028.25,2200,2130.25,2217,3237,2283.75,1137.25,1047.25,1354.5,1574.75,1790,1970.25,1971.75,2092.25,2809.25,1825.5,1
"46",905.25,861.5,781.75,1008.5,1902.25,2352.25,2242,2612.5,1572.25,839,940.25,793.5,796.75,940.25,1123.75,1225.75,1215.5,1311.25,1728.5,1217,895.5,588.25,456.5,506.75,603.25,596.25,586,663.25,648.25,417.5,1
"47",865.5,846,649,966,2318.5,2983.5,2817.25,3234,1426,659,1002.25,876,940.25,1062.75,1293,1389.25,1422.75,1519.5,1860,1347.5,988.25,732.75,727.25,840.5,1005.25,1142.5,1170.25,1272.5,1163.25,738.5,1
"48",832.75,805.25,541.5,897,2366.5,3017.75,2865,3296.25,1276.5,520.5,976,829.75,862.75,1033.25,1272.75,1429.25,1471,1597.5,1872,1272.75,930.5,635.25,520.25,624.5,760.5,867.5,836,985.25,802.25,488.25,1
"49",909,958.75,832.75,1194,2618.25,3205,3069.75,3472,1853.25,913.75,1075.5,1078.25,1309.75,1473.25,1701.75,1818.5,1792,1910,2670.25,1913,1098,950,1098.5,1255.75,1451.75,1589.75,1622.25,1735.75,2104.75,1365.75,1
"50",843,809.25,598.25,936,2284,2917.25,2839,3213.25,1514,675,923.25,812.25,854,1045.25,1432.5,1638.5,1616.75,1791,2114.5,1401.25,953.25,704.75,675.25,855.75,1113.25,1311,1362.75,1521.75,1423.25,834.75,1
"51",1425.75,1519.5,1842.25,1939.5,2148.75,2342.25,2167.75,2510.75,2803,2215.75,1582.5,1633.5,1957,2073.5,2321,2530.5,2456.25,2574,2790.5,2359.5,1421.75,1368,1589,1814.5,1868.25,2022.25,1919.75,2055.5,2247.75,1823.25,2
"52",1407.75,1453.75,1777.75,1848.75,2011.25,2240,2086,2386.5,2842,2216,1391.25,1404.75,1714.5,1873.25,2036.25,2139.5,2110.5,2309.75,2828.75,2364.25,1384.5,1267.25,1498.25,1638.5,1702,1825.25,1843.5,1895.5,2275,1782.5,2
"53",1506.75,1585.5,1865.25,1943.5,2193.75,2450.75,2256,2554.5,2607.25,2019.5,1643,1695.5,2155.5,2338.25,2633.5,2764.5,2693.75,2851.25,3047.5,2486.25,1363.75,1225.5,1311.75,1462.5,1780.5,1841.25,1767.75,1920.25,1724.75,1304.75,2
"54",1258,1256.25,1622.5,1718.5,1964.5,2167,2010.25,2302,2825.5,2338,1348.25,1301.5,1749.75,1951.5,2152.75,2248.75,2095.25,2231,2918.25,2563.25,1282,1111.25,1319,1396,1591.75,1607,1625,1661.5,2191.75,1795,2
"55",1466.25,1459.5,1685.25,1755.75,1969.5,2146.75,1987.5,2231.5,2291.25,1843,1591.25,1541,1777.25,1921.5,2079.5,2183.25,2067.25,2187.5,2347.75,1991,1453,1294.5,1417.25,1549.75,1775.5,1862.25,1821.25,1922.25,1846.25,1511.25,2
"56",1431,1462.75,1878.75,1974.25,2254,2441,2245,2541.75,3017,2440.75,1616.25,1587.75,2101.75,2273.25,2468.5,2540.25,2419.25,2571,3161,2672.5,1384.75,1232.75,1540,1723.5,1911,1956.5,1854,1972.5,2311.5,1889.75,2
"57",1436.75,1426.75,1707,1729,1903.5,2048.5,1924,2181.25,2742,2253.75,1404.75,1327.25,1603.25,1722.25,1872.25,1952.5,1875.5,1977,2728.75,2358.25,1336.75,1137.5,1262,1337.75,1394.75,1492.75,1472.75,1500.25,1916.5,1555,2
"58",1620,1691.25,2171.5,2230.5,2419.75,2614.5,2480.25,2769.5,3449.25,2833.25,1593,1652.75,2116.75,2266.75,2452,2626.75,2581.5,2692,3413.25,2822.5,1467,1315.5,1540.25,1645.75,1715.25,1827.75,1805.5,1848,2234.75,1776.5,2
"59",1458.5,1503.75,1851.5,1906.5,2126,2344,2193.5,2513.5,3169.25,2592.75,1510,1549.75,1983.25,2157.5,2372.25,2500,2448.75,2595.5,3414.25,2992.5,1425.25,1324.75,1592.75,1748.5,1945.25,2044.25,1997.25,2126.5,2690.75,2153.75,2
"60",1453,1518,1866.75,1939.25,2169.75,2345,2217.25,2552.75,3148.75,2582.75,1536.75,1551.75,1929.25,2080.25,2296.25,2442.75,2363,2554.75,3220.5,2792,1432.75,1288.25,1514.5,1618.5,1751,1851,1815.75,1924,2437.25,1925.25,2
"61",1553,1673,2064.75,2124.5,2434,2663.75,2510.5,2863.75,3055.25,2674.75,1654.5,1693.5,2074.25,2210,2415.5,2478.5,2433,2516.5,2897.5,2532.5,1560.25,1498.25,1772.75,1956.5,2223.75,2283,2215,2331.75,2449.75,2037.75,2
"62",1560.25,1636.75,2047,2131,2356,2583.25,2397.75,2727,3134.5,2656.75,1640,1714,2197.75,2401,2629.75,2739.25,2692.25,2902.5,3432.25,3106.75,1566.25,1506,1824.75,1972.75,2128.25,2250.5,2175.25,2280.25,2543,2182.5,2
"63",1420.25,1473.75,1768.5,1860.5,2130.5,2356.5,2208.5,2516,2711.5,2141.25,1483.25,1479.25,1709.5,1890.5,2261,2401.75,2415.5,2568.25,2732,2237.5,1365.75,1219,1342.5,1436.25,1728.25,1775.75,1746.5,1878.5,1929.25,1517.5,2
"64",1485.5,1508.5,1695.25,1790.75,2167.25,2404.75,2272.5,2557,2436.5,1903.75,1671,1738.5,2086,2240.5,2526,2762.5,2639,2830.75,2907.75,2507.5,1544.25,1457.5,1673.25,1838,2191.25,2303.75,2257.5,2432.25,2282.75,1865,2
"65",1440.75,1476.75,1833.25,1892.25,2153.25,2336.5,2230,2499,3040,2482.75,1543.25,1555,1936.5,2131.75,2384,2471.5,2420.75,2572.75,3221.25,2820.75,1490.25,1397.25,1665.75,1777.75,1978.5,2054.5,2069.5,2146,2595.25,2068.5,2
"66",1462.75,1481,1874.25,1962.75,2211.25,2365.75,2210.75,2508.25,2864.75,2333.75,1530.5,1525,2004,2139.25,2422,2494.5,2355,2572.5,2994,2586,1366.75,1210.25,1492.25,1671.75,1928,1926.5,1839.75,2049.75,2371.75,1962.5,2
"67",1446.25,1462.75,1764.75,1803.5,2097.5,2240.75,2111.25,2343.5,2730,2263.25,1535.25,1536.25,1945.75,2073.5,2268.25,2440.25,2260.75,2462.25,2873.25,2563.5,1476.25,1358.5,1638.75,1763,2017.5,2083.5,1958.5,2066.75,2424,2016,2
"68",1541.25,1599.5,2075.5,2129.5,2403.25,2591,2382.75,2678.75,3204.75,2507.5,1693,1706.5,2345.5,2511.25,2832.25,2948.75,2730.75,2948.25,3588.5,2938,1783.25,1701.5,2159.75,2325,2523.75,2649,2470.5,2636.5,3045.25,2376.25,2
"69",1498.25,1506,1863.75,1916.75,2236.25,2331,2183.5,2461.75,2815,2120,1676.5,1647.25,1969,2253.5,2413.25,2569,2280.25,2564.75,3186.25,2625.25,1437,1284.25,1535.75,1572,1720.25,1877,1754.25,1765.25,2014,1452.5,2
"70",1777,1882.75,2391.25,2485.25,2770.25,3030,2800,3175.25,3571,2805.75,2077,2192.5,2529.75,2794.75,3139.5,3419,3251.75,3475.75,3795,3062.5,1760.25,1775.25,2160.75,2380.5,2729.5,2982.75,2741.75,3020,3293.25,2722.25,2
"71",1338.75,1328.5,1712.25,1795.75,2009.75,2190.25,2046.75,2312.75,2716.75,2146.5,1462.75,1409.25,1891.5,2070.5,2315,2439.75,2282.5,2500.25,3041.25,2560,1201.5,1007.5,1192.5,1342.25,1428,1508.5,1407.75,1490,1826.75,1481.75,2
"72",1622.75,1723,2242,2329.25,2575,2775.75,2642.75,2950.75,3553.25,2937.75,1790.75,1870.75,2428.5,2652.75,2904,3092.75,2891.75,3191.5,3905.25,3385.25,1774.5,1768,2295.75,2502.5,2747.5,2908.5,2753.75,2985,3509.25,2853.5,2
"73",1482.25,1494,1762.25,1866.5,2057,2180.75,2039.75,2250,2431.5,1902,1616.25,1595.25,1933.75,2109.25,2305.25,2417.5,2224,2420.25,2711.5,2278,1292.75,1072.5,1128.25,1236,1329.75,1400.25,1219,1314.75,1358,1119.75,2
"74",1418,1439.5,1730,1828.75,2214.5,2483.25,2348,2672,2706,2091.25,1725.25,1723.25,2039.75,2182.75,2537,2719,2681.75,2917.25,3226.75,2673,1648.5,1489.5,1762,1908,2230.5,2616,2582.5,2716.75,2921.75,2371.75,2
"75",1378,1416.5,1779.25,1885.75,2223.75,2439.5,2257.5,2611,2817.25,2263.5,1594.75,1656.25,2117,2338.25,2633.75,2792.5,2722,2794.5,3326,2777,1521.75,1444,1802.75,1958.25,2227.75,2292.75,2260.25,2428.5,2696.5,2114,2
"76",1291.5,1311.5,1718.5,1806.75,2073.25,2272.5,2144,2406.25,3023,2493,1348.25,1325.5,1815.5,2002,2222.75,2306,2227,2409,3305.25,2887,1402,1293,1736.75,1879.75,2031.5,2124.5,2124,2232.5,2910.5,2383,2
"77",1169.25,1154.5,1362.25,1483,1807.5,2064,1946,2187.25,2365.5,1826,1282,1248.5,1553.25,1719,1951.75,2039.5,1984.25,2091.5,2479.5,2104,1127,890.75,957.25,977.75,1127.25,1137.5,1142.25,1148.75,1301,1027.5,2
"78",1171,1129.25,1277.25,1353.25,1728.75,1934.75,1833.5,2090.5,2089.5,1638.25,1290.75,1261.75,1455.75,1723.25,1875,2042,1946,2152.75,2323.5,1951.75,1101.75,860.5,879.25,915.25,1046.25,1086.75,1041.5,1115.75,1243.5,973.25,2
"79",1506.5,1615.25,2010.75,2069.5,2468,2768.25,2557.5,2860,2898.75,2306,1663.75,1739.25,2098.5,2238.5,2516,2659.5,2628.75,2728.25,2826.75,2442.5,1732.25,1714.75,2202,2364.75,2622.75,2829.75,2782.75,2832.5,2903,2300,2
"80",1521.5,1574,1892.75,1956.5,2303.5,2546,2408.75,2700.5,2755,2095,1631.75,1672.75,2055.25,2226,2436.25,2553.5,2520.75,2672.25,2925,2418.75,1564.5,1439.5,1686.5,1833.5,2011.25,2072,2054.5,2195.75,2297.5,1757.75,2
"81",1242.75,1194.5,1401.25,1538.75,1847,2038.75,1855.75,2120.25,2125.75,1500.25,1566.25,1526.5,1883.25,2071.75,2412,2501.75,2354.5,2593,2705.25,2054,1194.25,928.5,898.5,1029.5,1107,1161.5,1028.75,1169.5,1127,782.5,2
"82",1538,1569.75,1987.25,2094,2380,2623.5,2437.5,2699.5,2863,1979,1614.25,1617,2229.75,2459.5,2818.5,2894,2708.25,2931.75,3465,2648.75,1659.75,1551.25,1932,2163.25,2468,2574.25,2350,2593.5,2624.75,1899.75,2
"83",1426.25,1422.25,1670,1732.75,1933.25,2102,1971.25,2202.75,2528,1995,1576.25,1624.5,1983.5,2120.25,2370.25,2466.75,2357.5,2512.75,2941,2544,1228,1015,1020.25,1072.75,1192,1207.25,1114,1222.25,1246.5,991.5,2
"84",1395.5,1402,1814.5,1908.5,2179.25,2345.75,2170.75,2420.25,2681.5,2132.75,1363.75,1349.5,1772.5,1965.75,2248,2373,2225.75,2387.75,2624,2308,1244.75,1069.75,1243,1396.75,1606.75,1702.75,1510.25,1627.5,1659.75,1376.75,2
"85",1438.5,1431,1703,1753.25,1954,2128.25,2023.75,2253.75,2604.75,2046,1573.75,1581.25,1901.75,2049.25,2306.75,2422.5,2340.5,2547.5,2959,2534.75,1410.5,1239,1406.5,1513,1646.25,1745.5,1694,1793.75,1896.5,1515.25,2
"86",1471.75,1511,1894.75,1959.25,2237.75,2459.5,2366,2654,3130.5,2454.5,1563.75,1598,2117.5,2250,2584.25,2766.25,2619.5,2870.75,3528,2976.5,1385.5,1257.25,1493.5,1611.75,1876,1998.75,1925.5,2081.75,2390.25,1800.25,2
"87",1341.5,1296.5,1506.25,1601.75,1893.75,2086.25,1976.25,2190,2499.25,1931,1301.5,1244,1394.25,1564.5,1870.5,2067.5,1963.25,2131.5,2463,2064.5,1193.25,971.25,984,1088.25,1301.75,1337.75,1290.75,1450.75,1610,1221.75,2
"88",1557,1607.25,1899.25,2002,2351.75,2576.5,2368.5,2706,2856.75,2172.5,1657.5,1730.25,2004.5,2226.5,2695.25,2906.5,2902,3025.75,2916.25,2313.25,1630.25,1545.25,1781,2058.75,2464.75,2547.75,2496,2729.25,2556,1936.25,2
"89",1415.75,1524.75,1692,1857.75,2668.25,3022,2889.25,3245.25,2506.75,1683.75,1833.25,2034,2366.5,2700.75,3539,3948.75,3855.5,4112.25,3175.25,2263.5,1467.75,1388.5,1511.25,1649.5,2186.75,2490.75,2406,2605.75,1922.75,1338,2
"90",1317.25,1416.5,1475.25,1673.25,2564,2896.75,2734,3168,2470.5,1555.25,1387.25,1440.75,1635.75,1844,2363.75,2582.75,2474.25,2670.75,2538.75,1865.75,1371.5,1327,1268.75,1592.5,2419.5,2825.5,2774.5,2953.5,2181.25,1349.75,2
"91",1466.75,1568.25,2032.75,2148,2423.75,2642.5,2368.25,2664,2962,2227.5,1624,1793.5,2473.75,2685,2985,3165.5,2977.75,3143.5,3609.5,2854.25,1504.25,1498.75,1876.5,2160.25,2423.75,2632.25,2233.75,2522.5,2618,1946.5,2
"92",1521.5,1551.5,1812,1938,2443.25,2761.75,2554.25,2917,2551.25,1887.5,1718,1697.75,1845,2062,2617.5,2869.75,2752.25,3031,2904,2228,1508.5,1382.25,1638.5,1843.5,2323.5,2504.5,2335.75,2616,2267.75,1730.75,2
"93",1502.25,1529.25,1964.25,2034.25,2357,2493.25,2326.5,2655,2840.75,2241.75,1618.75,1664.25,2254,2448.75,2765.75,2913.5,2780,3007.5,3297.25,2777.5,1577.75,1498.25,1951,2116,2434,2576.5,2391,2619.5,2683.5,2148.5,2
"94",1358,1344.5,1584.25,1646.25,1912.75,2068,1941.5,2242.5,2302.75,1772,1561.5,1518.5,1741.25,1897.75,2160.75,2285.25,2183.5,2354,2321.5,1901,1389.75,1230.5,1340.5,1453.25,1688.5,1772.25,1637.25,1836.25,1920.5,1583.75,2
"95",1620.5,1593.5,1916,1905.5,2133.5,2362.5,2073.25,2340.75,2334.5,1666.75,2174.5,2082,2565,2558.25,2921.75,2903.25,2769.25,2950.25,2739.75,1948.5,1699.75,1513.5,1876.5,2141.25,2290.75,2338.75,2031.5,2188.75,2356.75,1785.5,2
"96",1862.75,1888.25,2249.75,2215.5,2369,2483.75,2278.75,2533.25,2697.75,2021.75,2001.5,1979.25,2336.75,2427.25,2563.25,2604.75,2418.25,2583.5,2813,2180.5,2049.75,1993.75,2448.25,2558.5,2688.5,2795.5,2604.5,2777.25,2877.5,2231.5,2
"97",1466.5,1417.25,1681.25,1765.75,2024.75,2192,2005.5,2260.5,2241,1601.25,1533.75,1416,1708.75,1827.75,2015.25,2086,1973,2115.5,2331.25,1750.75,1545,1360.5,1696.75,1822.75,1967,1995.75,1844,1942.75,2055,1577.75,2
"98",1520.75,1508,1640.25,1727.5,2100.5,2364,2179,2510.5,2295.5,1747,1627.75,1609,1767,1957.75,2362.75,2567,2491.5,2727,2493.75,1992.5,1694,1594.75,1695.75,1858.75,2307.25,2490.75,2424.5,2678.5,2360,1856.5,2
"99",1409.25,1346,1452,1552.75,1937.75,2182.75,1949.25,2191.75,1862.25,1233.75,1889.25,1845.5,2186.75,2369.75,2472.25,2703.5,2498.75,2633.5,2291.25,1599.5,1520.75,1306.25,1394.25,1549.75,1883.75,2005.5,1827,2019.25,1701.25,1143.25,2
"100",1543.5,1564.25,1936.5,2016.75,2339.5,2578,2389,2751.75,3079.75,2316.75,1821.75,1845,2396,2568.75,2839.75,3030.5,2930.5,3176.5,3622.75,2891,1674,1569.75,1886.25,2039.75,2367.75,2489.25,2316,2615.75,2883.75,2155.25,2
"101",1354.5,1429.75,1836,1951.75,2182.25,2462.25,2440,2853,3683.5,2451.5,1278.75,1320,1237.25,1741.25,3163.75,3598.5,3631.75,3884,2750.25,1797.25,1326.75,1259.75,1190,1581.5,2351,2544,2542.25,2751,2524.25,1732.25,3
"102",1211.25,1293.75,1726.75,1899.25,2181.25,2485.75,2484.25,2884.25,3198.25,1896.25,1127.75,1121.25,1037.75,1486,2445.5,2707.75,2704.5,2882,2559,1656.25,1179,1046.25,1032,1255.75,1576.25,1700,1713.5,1856.25,2214,1518,3
"103",1476.75,1554.5,1934,2079.5,2342.75,2630.25,2624.75,3093,3918.5,2429.5,1497,1529.25,1490.75,1979.75,3108.25,3476.5,3583.25,3821.5,3434.75,2279,1603,1503.5,1546.75,1792.5,2264,2430.25,2532,2752.5,3199.75,2208.25,3
"104",1405.25,1481,1897,2040.5,2313.25,2618.5,2645.75,3067.75,3883.25,2456,1313,1335.25,1261,1779.5,2982.5,3370,3454.5,3688,3130.25,2115.25,1505.5,1413.75,1479.75,1743.5,2203.25,2372.75,2455.75,2650.25,3244.75,2355.5,3
"105",1325,1411.5,1861.5,2041.25,2313.25,2633.25,2649,3068,3643,2197.5,1253.5,1262,1170.5,1695.75,2906.75,3257.75,3366.5,3562.75,2789.25,1750,1294.25,1179.25,1138.25,1424.75,1934.75,2098.25,2137.75,2302.5,2287.75,1549,3
"106",1146.25,1180.75,1525,1669,1907,2179.25,2155.75,2529.25,2787.5,1607.5,1012.75,972,774.25,1289.75,2365.75,2587.25,2609.25,2800.75,2019,1195.25,883.25,588.5,394.75,412,475.5,487.25,442.5,459.25,347.5,247.75,3
"107",1147.25,1193.25,1586.5,1750.25,1969.75,2244.25,2243.25,2627.5,2922,1658.5,1015.75,969.25,795.5,1317.75,2335.5,2560.25,2564.5,2769,2148.5,1273.25,843.5,513.75,301.25,290,305.25,276.75,244.5,231.25,156.25,102,3
"108",1134.5,1137.25,1387.75,1528.75,1778.75,2025.5,1993.5,2331.5,2534.75,1516.25,1019.25,952.25,801.5,1185.75,1983,2187.5,2208.25,2356.25,1868.25,1181.25,835.5,513.75,301.75,283.5,305.25,291.75,253.5,252.25,140.25,82.75,3
"109",1162.5,1189.25,1466,1604.25,1970.75,2259,2244.75,2615,3081,1903,1105.5,1110.25,955.75,1491.75,2746.75,3096.75,3136,3349,2460,1540,1134.5,1002.5,935.75,1203,1722,1859,1933.25,2066.5,2189.25,1508.75,3
"110",1151.25,1162.75,1476.5,1639,1926.75,2224.5,2233.25,2602.5,3237.5,1983.75,1018,1020,820.5,1362,2775,3117,3141.25,3372.5,2427.5,1457.25,1079.75,949,858.25,1153.25,1698.75,1864.25,1902,2027.75,2387.25,1636.25,3
"111",1205.5,1247.25,1558,1745.25,2047.5,2333,2356.5,2760,3368.5,2018.25,1095.25,1076.5,951.25,1389,2433.25,2728.75,2775.25,3018.5,2583.5,1659,1199.5,1052.75,1011.5,1238.75,1641.75,1777.5,1835.5,2006.25,2419.75,1677.25,3
"112",1526.5,1742,2247,2450.25,2829.25,3174.75,3129.25,3585.75,3962.75,2626.5,1449.75,1611.75,1549.75,2178.75,3730.5,4150.75,4163.75,4386.75,3067,1990,1627.5,1772.75,1725.25,2394.25,3663.5,3975.75,3983,4246.5,3578.75,2324.75,3
"113",1623.5,1756.5,2202.25,2388,2650.75,2992.25,2982.5,3463,4183,2772.25,1338.25,1415.25,1239.75,1837.75,3520.5,4044,4158.5,4365.25,2921.25,1916.75,1797.5,1781.25,1802.5,2232,3094.25,3380.5,3495.5,3748.25,3733,2645.25,3
"114",1407.25,1546,1976,2134.5,2540.25,2848.5,2829.5,3271,3529.75,2286.25,1231,1291,1170.5,1694.25,3017.75,3357.75,3390,3644.5,2730.75,1764.25,1348,1270.25,1216,1517.25,2236.5,2465.5,2481.25,2680,2565.5,1726.75,3
"115",1460.25,1545.75,1972,2121.75,2389.5,2700.25,2689.25,3146.75,4019.75,2617,1429.25,1414,1363.75,1750.75,2762.5,3076,3168.5,3411.75,3178.25,2256.5,1589.75,1509.5,1568.25,1894,2470.25,2674.5,2744.5,3003,3704.75,2656.25,3
"116",1372.75,1469.75,1932.25,2074.75,2308,2601.25,2592.25,3021.25,3771.5,2358,1353.75,1365.5,1357.25,1748.5,2622.75,2902.25,2966.25,3183,3189.75,2197.75,1432.5,1364.5,1426.25,1731.5,2285,2457.5,2491.25,2731.75,3175.25,2172.5,3
"117",1471.5,1670.5,2332,2533.75,2824,3169.5,3176.5,3661.25,3975,2420.75,1040,1080,855.25,1540,3367.25,3940.5,4034.75,4291,2555.75,1401.25,1111.75,1034,800.5,1348,2557,2886.25,2920.25,3081.5,1889.75,1063.5,3
"118",1346.75,1500,2074,2268.5,2593.25,2958.75,2968.25,3452.25,3783.25,2222.25,1112,1152.5,970.5,1561.25,3152.5,3631.75,3620.75,3911.25,2793.5,1699.25,1269.75,1194.25,1178.25,1551.5,2225.75,2451.75,2507,2722.5,3073.25,1976,3
"119",1278.25,1382.25,1851,2017.75,2309.5,2628,2630.25,3059.75,3474.75,2106.5,1152.75,1180.25,1045.25,1567,2690.75,2981.25,3041,3268,2789,1798.5,1271.5,1149.5,1134.5,1407.5,1805,1949.5,1989.75,2174.5,2705,1834.75,3
"120",1164.75,1223.75,1625.25,1807.5,2131.5,2434.75,2442.75,2850.25,3078.25,1896.75,1094.25,1100.75,975.5,1563.25,2848.75,3143.5,3166.25,3377.75,2215.5,1369,1137,1006.75,952.5,1267.5,1791,1952.25,1959,2111.25,1886.5,1269,3
"121",1150.75,1236.25,1655.5,1895.25,2247.5,2593.25,2596.75,3023.25,3165.75,1776.5,993,937.5,823.5,1274,2190.75,2457.75,2501.25,2692,2259.25,1314.5,1027.75,827.75,683,906.75,1374,1528.75,1529.75,1638.25,1328.25,781.5,3
"122",1346.75,1453.5,1928,2110.5,2406.5,2723.75,2760.75,3207.25,3532.5,2137,1212,1247.75,1079.75,1672.75,3232.75,3695,3767.5,3952.5,2838.75,1749.75,1267.25,1160,1015,1385.75,2227.5,2462.75,2514.25,2665.5,2205.25,1381.5,3
"123",1189.5,1257.25,1673.75,1890.75,2208.5,2547,2568.75,2991.75,3308.75,1940.5,1125,1107.25,1013.5,1498.75,2425.5,2709,2769.75,2966.25,2737.25,1787.5,1134.25,973.75,871.25,1160.25,1666.75,1820.25,1829.25,1980,1970.25,1263.5,3
"124",1241.25,1364,1862,2066.5,2399.25,2724.5,2707.75,3159.5,3436,1988,1044.25,1072.25,890,1527.25,2699.25,2983.5,2994.5,3175.25,2354,1375.75,1127.25,989.5,887.25,1191.25,1679.25,1846,1830,1963.75,1975,1234.75,3
"125",1266.25,1396,1927.5,2134.25,2491.75,2863.5,2861.25,3362.75,3682,2155.5,1013.5,1014.5,817,1461,2825.75,3203,3229,3461.75,2319.5,1252.75,1063.75,954,760,1222,2111.5,2326,2322.25,2500,1841,1040.75,3
"126",1088.75,1122.25,1529.25,1718.5,2064.25,2405,2447,2895.75,3246.5,1760.75,1018.5,1040.75,830,1491,2905,3199.25,3290,3488,2611.5,1538.25,1083.25,937.75,829.25,1153.25,1744.25,1919.75,1923.75,2090.75,2364.75,1522.75,3
"127",1235,1355.5,1871.25,2089.25,2418.75,2766.75,2778,3265.5,3659.5,2055,1013.75,1007,820,1477.25,2808,3181,3210.5,3463.5,2415.5,1319.25,1088.75,972.75,794.75,1206.75,2014.5,2245.75,2242.25,2393.75,2019.75,1174.5,3
"128",1147.75,1176.25,1485.5,1637.5,1897.75,2176,2176,2527.75,2867,1803.5,1106.5,1135.25,1015,1558,2907.5,3293.5,3291.5,3498.5,2494,1609.75,974.5,801.75,541,850.75,1758,1878.25,1860.25,2012.25,1168.5,669,3
"129",1159.75,1221.5,1627,1822,2174.5,2531,2526.75,2978,3161.5,1872.25,1036.75,1034,905.75,1468.75,2547.75,2799,2857.75,3056.5,2290.5,1383.25,1101.75,967.75,854.25,1193.5,1867.5,2080,2090.75,2299.75,2068,1291.75,3
"130",1342.25,1472.25,2000.5,2212.5,2588.25,2945.75,2968.75,3455.5,4156,2627.5,1084.75,1201,961.5,1734,3576.5,4049.5,4141.75,4431,2786.25,1557.75,1232.5,1270.25,1052.25,1773.75,3243.75,3591.75,3638.75,3917.5,2677,1533.75,3
"131",1384.5,1535,2108,2287.25,2563.75,2922.25,2951.5,3462,3836.25,2332.75,1161,1214.5,1066.25,1633.75,3260,3789,3872.5,4174.75,2579,1540.25,1382,1390.5,1252.75,1785.5,2920.25,3181.75,3195,3445.25,2610.75,1777.25,3
"132",1301,1464.5,2011,2191.75,2487.75,2778,2749.75,3151.75,3254.75,1868.5,1084.75,1101.5,938.75,1437,2589.5,2912,2921,3117,2391.5,1405.25,1198.5,1048.75,1005.75,1204,1548.5,1659,1663.25,1792.25,2100.25,1361,3
"133",1446.75,1605.5,2174.25,2350,2613.5,2917,2874.75,3336.75,3810,2459,1365.5,1414.25,1401.25,1912.5,3074.5,3435,3479.25,3714,2972.75,2014.5,1433.75,1394,1480.25,1813,2356.75,2537.5,2557,2762.75,3085.75,2165,3
"134",1253,1372,1871.25,2074.25,2443,2801.5,2804.5,3292.25,4023.25,2494.5,973.25,1038,780.5,1594.25,3419,3922.75,3982.75,4255.5,2493.5,1286.5,1093.25,1019.25,892,1432.25,2457.5,2705.25,2759.25,2994.25,2265,1301.5,3
"135",1289.75,1411.25,1870.5,2085.75,2459.75,2800.25,2803,3267.25,3632,2249,1083.75,1172.75,982,1625.25,3289.75,3764.25,3813.5,4041,2571.5,1540,1218.5,1293.75,1032.25,1775.75,3379.5,3814.75,3864.75,4043.75,2571.25,1508,3
"136",1165,1240.75,1690,1872.75,2169,2484.25,2460.5,2828.25,3309,2082.5,977.25,990.5,872.75,1517.75,2651.25,2932.25,3003.5,3187.25,2475.75,1479,1045.75,953.5,802.25,1230,1985,2175,2224,2282.5,1981.25,1205.25,3
"137",1575,1734.25,2217,2318.25,2575.25,2782,2632.25,3023.5,3367.5,2223,1098.25,1128.75,1073.5,1599.25,2503.5,2774.75,2803,3003.25,2552,1636.75,1740.5,1698.25,1865,2141,2483.5,2529.25,2535.75,2646,2357,1529.25,3
"138",1048,1018.25,1085,1283.25,1674,1914.75,1866.5,2155.75,2203.75,1305,989,920.25,804.25,1141.75,1943.5,2230,2180.25,2389,2105.25,1304,1121.25,993.5,830,1178,2029.5,2261.25,2250.75,2448.75,2258.5,1390.25,3
"139",1047.5,1009.5,1067.5,1254.75,1621.75,1811.25,1766.25,2030.75,2185,1325.75,1019.75,937.5,877.75,1167.25,1810.25,2046.25,1984.75,2174.75,2153.25,1396.5,1150.25,994.5,918.5,1185,1855.5,2071.25,2020.75,2240.5,2382.25,1530.25,3
"140",984.5,975.25,1018.5,1261.5,1820.25,2080,2005.75,2280.25,1916.25,1143.25,983.75,944.75,930.75,1232.5,2005.5,2221,2195.25,2375.25,2033.5,1319.25,1101.75,1005.5,924.25,1284,2295.25,2582,2542.75,2788,2108.25,1276.75,3
"141",964.25,909.25,908.25,1118.75,1535.5,1736.5,1694.75,1947.25,1827,1094.25,959.25,866.5,798.75,1039.25,1642,1838.5,1813.25,1971.25,1864,1236,1049,886.75,776.75,1040.75,1735,1966.25,1921.25,2091.5,1817.25,1144.5,3
"142",976,898.75,919.75,1074,1460.75,1662.25,1595.75,1840.5,1981,1201,999.25,905.75,861.5,1121.25,1824,2096.25,2052,2254.25,2094.25,1356,1079.75,879.75,782.75,994.75,1787.25,2013.5,1993.5,2219.25,2103.75,1317.5,3
"143",1050.75,1007,1078.5,1279,1718.25,1949.25,1880.5,2187.25,2071.5,1288.75,1045.75,954,886,1174.75,1832.25,2071.75,2032.5,2216.25,2055.75,1349.25,1109.25,923.5,853.25,1085.25,1688.5,1902.25,1911.75,2092,1959.5,1247,3
"144",984,946.25,916.75,1167,1733.5,2010.25,1948.5,2246,1893.25,1126,982,889.75,802.5,1101.5,1872.5,2126.5,2136,2323.75,1984.5,1272.25,1095.25,959.5,856,1186.25,2214.25,2524.25,2562.5,2800,2212.5,1364.25,3
"145",995.25,928.75,910.75,1105.25,1603,1839.25,1758,2020.5,1801,1138.75,1009.75,931,882.25,1164,1850.25,2089.25,2080,2256.5,2029.25,1366.5,1114,956.5,880,1215.25,2126.75,2458.25,2437,2668.75,2099.5,1380,3
"146",1058.25,1019.75,1088.75,1303.25,1719,1940.25,1849.5,2132.25,2084,1284.75,1063.75,980.75,960.75,1233,1842.75,2049.5,1987.75,2160.5,2116.25,1423.75,1150,980.5,917.5,1198.5,1881.25,2127.75,2079.5,2272.5,2091.75,1311.25,3
"147",1009.25,949.5,1004.25,1195,1583.75,1794.75,1738.5,2008.75,2044,1279.5,974.75,867,830,1079.25,1724.25,1913.75,1908.75,2072,2058.25,1362.75,1084.75,886.25,799,1043,1775.75,1988.75,1987.25,2168,1991.25,1246.25,3
"148",1081.75,1090.25,1266,1501.75,1936,2222.75,2103.75,2412.25,2385.75,1522.75,1063.25,1043.75,1126.75,1466.5,2204.25,2461.75,2393.25,2583,2438,1702.75,1178,1096.75,1172.5,1476,2304.5,2607.5,2509.75,2775.25,2600.75,1738.75,3
"149",1064.75,1059,1197.5,1444.25,1888.5,2144.25,2064,2369,2152.25,1312.75,1053.75,1035,1046,1416.25,2254.75,2537.25,2457.25,2668,2077.5,1357.75,1160,1030,1011.5,1338.25,2273.25,2552.5,2504,2772.5,2215,1401.5,3
"150",1124.5,1132.25,1365.5,1519,1890,2112.75,2024,2324.75,2437.5,1604,1083,1064.75,1112.75,1457.75,2197.75,2443.5,2395,2592,2370.25,1610.75,1232.5,1164.75,1309.5,1582,2316.25,2612.5,2517.5,2775.75,2735.75,1865.75,3
"151",915.5,833.75,731,938.5,1283,1431.5,1362,1597.5,1328,739.75,844.75,684.5,478.25,698.5,1307.5,1459.5,1447.25,1557.5,1112,654,917.75,677.25,453.25,631.25,1045.5,1184.25,1150.5,1227.25,793.5,452.75,4
"152",969.25,919.25,899.25,1124.5,1600.5,1813,1737.25,2022.75,1637,955.5,879.75,753,582,855.75,1519.75,1754,1735.5,1867.25,1351.25,803.25,894.5,667,445.75,611.25,1027.75,1098.25,1106,1177.25,653.5,364.25,4
"153",946.75,909.25,793,1070.75,1565.75,1779.75,1732,1966.5,1382.75,770.75,846.75,699.25,531.75,753,1432,1625.25,1632.25,1776,1146.5,644.5,899.75,688.5,463.25,669.5,1282,1407,1419.5,1475,756.75,385.25,4
"154",951.75,912.75,855.5,1087.5,1513.75,1717.75,1641.25,1897.25,1600,913.25,852.25,727.5,561.5,799,1437,1634.5,1669.25,1779.75,1271.5,758,873.75,654.25,426.25,583.75,1020.25,1107.75,1083.75,1187,668.5,376.75,4
"155",952.25,903.5,842.25,1099.75,1432.5,1606.25,1553.25,1804,1557.75,869,874,746.25,571.25,824,1396.75,1551.25,1548.5,1673.5,1333,794,935.75,731.5,518.75,758.25,1279.75,1411.75,1401.75,1512,1047.25,585,4
"156",918.25,838,739.5,953.75,1276.75,1423.75,1345.25,1562.25,1303.5,752,833.25,661,469,643.75,1184.75,1327,1304.5,1398.75,992,615.25,871.25,604.75,373.5,480,773,826.5,804.75,832.25,444,262,4
"157",987.75,945.75,912.5,1149,1495,1657.75,1600.25,1858.5,1673,992,982.25,876,794,1013,1592.75,1789.75,1791,1950.25,1773,1203.25,994.25,790,640.5,866.5,1352.25,1459.25,1490,1598,1234.25,770.5,4
"158",916.75,839.25,734.25,965,1295.75,1431,1378.75,1566.5,1270,716.25,826.25,660.25,456,653,1191.25,1311.25,1291.75,1391.75,977.5,585.5,873.75,628.25,395.5,518,841,883.25,879.25,925.25,504,300.5,4
"159",886,825.75,664,930,1428.5,1614.25,1571.5,1783,1147.75,589.5,817.25,675.25,444.5,663,1473.5,1704,1668.75,1810.25,931.25,493.25,885,650,391.5,563.25,1073.25,1199.75,1156.75,1246.5,495.75,253,4
"160",956.25,901.75,826.25,1068.25,1531.5,1713,1676,1926.75,1702.5,992,866,715.75,530.5,766.75,1398.75,1560.25,1596.25,1730.25,1330.5,779.5,942,735.75,518.25,755.25,1269.25,1383.75,1409,1515.5,1143.25,678.5,4
"161",926.5,850.75,766.25,970.5,1374.75,1500,1456,1669.75,1328.75,745.5,828.5,674.25,467,683,1364.5,1553.5,1518.25,1649.5,972.25,552.5,906.75,677.25,450,650.25,1040,1169,1134.75,1179.75,679.5,402.25,4
"162",866.5,802,626.75,890.25,1483,1710.75,1628.5,1859.75,1128.5,565.25,833.25,700,510.25,773,1586.75,1844.5,1880,2015.5,1199.5,641.5,887.75,671,422.5,633.25,1238.5,1366.25,1367.25,1459.75,697.75,348.75,4
"163",892,838,665.5,911.75,1497.75,1683,1608.5,1855.25,1272.5,688.5,819.25,667.5,481,696.5,1329.75,1521.25,1534.5,1644.75,1109,633.25,895.5,662.5,432.25,609.75,1174,1301.25,1288.5,1368.75,744.75,435,4
"164",845,765.25,563.25,852.5,1650.75,1918.25,1841.25,2110,1109.25,492.25,793.25,624.5,404.5,648.5,1605.5,1911,1890.5,2056,1004.25,452.25,832,543.5,313.75,379.25,703.5,808,773.75,794.75,319.75,141,4
"165",869.25,811.25,618.25,882,1502.25,1696.5,1592.25,1805.25,1114.25,597.75,812.5,650.25,458,663.75,1329.25,1494.75,1545,1620,1020,573,841.75,564.5,332.75,425.25,767.25,850.75,775.5,869.25,343,182,4
"166",856.75,800.25,607,861.75,1467,1675.25,1593.25,1798.75,992.75,501.75,775.5,612.25,420.5,621.25,1312,1528.25,1528,1647,825,438.75,824.25,544,312.75,393.75,677,741,718.25,779.5,248.75,131,4
"167",829.5,736,549.5,760,1479.5,1745,1680.25,1894,792,385,772.5,588.5,391.5,546,1376.75,1661,1674.75,1783.75,680.5,348.25,824,546.5,316,401.25,929.5,1070.5,1031.5,1066.25,273.75,136,4
"168",889.5,838.25,669.5,943,1610.5,1853.25,1782.5,2041.75,1250.25,653.25,820.25,687.75,499.5,769.75,1572.75,1798.5,1878.25,2011.75,1154.5,634.75,894,690.5,442.5,686.75,1396.25,1549,1580.75,1670.75,784,407,4
"169",875,847.25,624,934.75,1634,1862.25,1775,2017.75,1143.25,581.75,805.75,658.25,451.5,684.25,1493.5,1704.5,1728.75,1855.5,1045.25,551,882,674,414,646.5,1323.75,1468.5,1470,1565.75,666.75,337.75,4
"170",825,746.75,539.25,767.75,1437.75,1672.5,1589.25,1769.5,839.5,415.5,757.25,601.75,391.25,603.25,1320.5,1531.75,1519.5,1669.25,737.75,387.5,813.25,544.5,306.75,394.5,774.25,830.75,838.5,848,263,120,4
"171",818,698.5,523.75,709.25,1299,1528.25,1453.25,1661.25,797.25,402.25,768.5,581.75,389,572,1240.5,1438.75,1453.75,1562.75,714.75,367.75,806.5,517,296.25,350.5,609,686.75,637.75,720.25,214.25,98.25,4
"172",829,758.25,551.25,807.25,1549.75,1805.25,1709.5,1951,865,433.75,773,615.25,417.5,622.25,1466.25,1694.5,1722.25,1832.25,816,429,824.5,566.75,331,442.5,1024.25,1162.75,1132,1170.5,331.5,158,4
"173",887.5,858,624.25,928.25,1607.25,1799.5,1732.75,1969.5,1120.5,578.75,812.75,658.25,451.75,673.75,1435.25,1639.75,1669,1794,1005.25,552,881.75,652.5,393,597,1234.75,1321,1301,1383.25,604.75,296.25,4
"174",831,743,552.25,751.25,1332,1521.75,1447.25,1647.5,906.75,464.5,754,565.75,367.25,542.5,1168.5,1358.5,1346.75,1442.5,697.5,353.5,795.5,477,264.25,251.25,349.25,354.25,310.5,317.5,111,57,4
"175",889.75,858.75,659.5,966,1605.75,1822,1770,1993.5,1298,671.25,813.75,659.75,479.75,707.5,1475.5,1659.75,1696.5,1815.25,1186.5,647,897.25,695,433,665.5,1367.5,1568.75,1556.5,1693.25,855.25,457.5,4
"176",839.5,748.5,552,770,1347.75,1516.5,1443,1618.5,956.25,501,796.75,636,443.75,647,1339.5,1548.5,1557,1678,1004.75,552.25,826.75,523.5,310.25,378.5,649.25,705.25,647.75,706.75,359.5,197.75,4
"177",809.25,677,510,667.75,1276,1620.5,1546.25,1721,735,362.75,756,576.25,366.5,532.5,1194.5,1433.25,1448,1527,602.5,320,806,512.5,294.5,308.25,587,664.25,685,667.5,156.5,85.5,4
"178",827.5,746,559,776.5,1711.75,2026.5,1985.75,2255.5,807.75,385.25,765.75,619,409.5,637.75,1724.5,2077,2070.5,2182.5,687.75,338.75,840,597,346.25,538,1523,1791.25,1786.25,1916.5,383.5,158.25,4
"179",808.25,686.25,543.75,686,1248.75,1468.5,1406.25,1593.5,849.25,452.25,740,555,371.25,519.25,1037.75,1202,1202.25,1273,631.75,364.5,768,456.75,253.25,252.75,320.75,334,277.25,278.5,80.25,39.75,4
"180",813.75,702.25,529.75,709.5,1492,1849.75,1745.25,1975.75,830.75,410.25,753,587.5,382.75,578.75,1299.5,1567,1616,1708.5,712.25,379,815.5,546.5,319.25,404.25,908.75,1071,1125.75,1145.75,292.75,146,4
"181",876.25,829.75,692,926.25,1686,1993.5,1934.75,2222.25,1329.25,692.5,831.25,717.5,538.25,818.5,1630.5,1883,1904,2034.5,1274.5,711.5,887.75,673.5,444.75,654.25,1390.5,1622,1636.5,1750.5,768.75,412.75,4
"182",845.75,736.75,567,746.25,1420.25,1660.25,1600.75,1817.75,883.75,470.25,782.5,607,426.25,595.5,1172.5,1362.5,1394.75,1468,777.75,465.75,789.25,471.5,267.25,255.5,359.75,355.5,337.75,342,98,55.75,4
"183",795.5,727.25,514.25,778.75,1697.75,2035.75,1951.5,2217.25,686.25,318.75,773,655.75,406,727.75,1950,2294.5,2284,2431,696,341,861.75,672.5,392.75,689,2067,2473.25,2458,2618.25,485,205,4
"184",839.25,761.5,566.5,819,1728.25,2076.5,1970.75,2243.25,813,394.75,806.25,680.25,427.75,754,2023.5,2417.75,2416.25,2593,781.25,365.5,900,697.75,417.75,701,2152.75,2573,2568.25,2725.25,569,240.25,4
"185",845.75,783.5,561.25,856.5,1868.5,2284.25,2173.25,2473.75,833.25,369.75,837.5,724,474.5,833.25,2204.5,2639,2677.5,2812.25,1003.75,494.25,921.5,732.25,430.25,760,2406.75,2921.75,2874.25,3113,654.5,270.75,4
"186",860.75,820.25,567.5,940.5,2204.5,2676,2537,2907,1010.5,415.75,839.75,750.75,473.5,890.75,2339.25,2733.75,2774.75,2940,1015,448.75,928.5,719.75,424.25,714.5,2169.5,2649.25,2628.75,2871,744.75,282.25,4
"187",889.25,828.5,623,985,1871.75,2163,2103.25,2366,1266.5,581.5,808.75,646,413.25,667,1875.25,2327.25,2273,2446.25,1055,476.75,857.5,583.25,347.25,472.25,953.25,1093.25,1061.25,1116,440,205.5,4
"188",902.5,864.75,713.75,1078.75,2156,2579,2493,2849.75,1677.25,779,863.75,757.25,591.75,915.75,1996.5,2379.5,2347.75,2594.75,1709.25,926.5,972,807,605,957.5,2388.5,2833.75,2841.5,3115.25,1765.75,873.5,4
"189",823.75,768.75,536,860,1906.5,2295.25,2187,2509.5,787,376.75,803.25,672.75,427.5,746.25,2062.75,2466.25,2459.5,2617.25,786.75,371.5,893.25,690,403.75,704.25,2124.5,2534.25,2520.25,2732.25,578.25,250.75,4
"190",884.5,822,634.5,968,1873,2239,2133.25,2470,1269.25,606,858,714.5,496.25,814.25,1875.5,2226.5,2225,2426.75,1228.75,614,975.75,787.5,516.5,878.5,2219.25,2662.5,2678.5,2957,1140,551.5,4
"191",826.25,770.5,529,853.5,1905.5,2262.5,2146,2449.5,780,353,800,690.5,422.5,783.75,2199,2609.25,2595.5,2737,752,326.5,914,746.75,441.25,824.5,2460.25,2953.25,2956,3165.25,713,313.25,4
"192",839.25,820.5,536,922.5,2145.5,2578.25,2446.5,2777.75,724.75,316.75,809.75,720,425.75,847.5,2447.75,2903.75,2904.5,3092,699,296.25,942.75,824.25,464.75,960.25,3122.5,3672.75,3693,3960.75,692,264.25,4
"193",840.25,777.75,565.5,859.25,1742.75,2055,1951.25,2207.75,909.25,450.25,808,672.75,469.75,768.5,1786.5,2075.5,2099.75,2248.75,944.5,494,908,692,420.5,728.25,1900.5,2190.5,2198,2371.25,662.5,309,4
"194",837.5,793.5,577.5,943.75,2001.5,2391.75,2272.75,2593.25,1032.75,482,797.25,690.25,440.5,820.25,2153.25,2459.5,2478.75,2640.25,986,463.5,911.25,769,459,933.75,2694.75,3190.75,3152.75,3393,934,394.75,4
"195",948.75,907.5,803.75,1087.25,1750.75,2028.5,1949,2243.5,1468.5,810.5,931,829,675,1001.75,1994.5,2268.25,2289.75,2473,1564.5,949.25,1053.75,910.75,723.75,1099.5,2336.5,2712.75,2725.25,2930.5,1607,915,4
"196",890,836.5,692.25,992.75,1719.25,2004,1909.5,2185,1252.25,661.25,876.5,758.75,556,869,1900.5,2196.25,2202.75,2361,1209.5,671.25,949.5,735.25,492.75,775.5,1821.25,2142.25,2037.75,2276.25,943.5,503.75,4
"197",931.75,901.5,716.75,1069.5,1853.75,2168,2058,2356.25,1247,627,922.25,824.25,610.5,960.75,1991.75,2311.5,2287.25,2474.25,1398,777.5,1052.5,897.25,640,1053,2340.25,2719.25,2702.25,2949,1367.25,711,4
"198",858.25,818.25,566.5,917.75,1878.75,2222,2111.25,2443,854.25,377.5,841.75,743.5,469.25,857.25,2102.75,2466,2451.5,2626.25,855,397.5,946.25,754,451.75,784.5,2248.75,2668,2683.5,2837.25,636.25,274,4
"199",877.25,808.75,592,883.25,1673.5,1973,1879.25,2144,1030.5,487.25,841.75,720.25,474.75,774.75,1560.75,1783.25,1773.75,1911.75,1002.5,516.75,936,682,419,595.5,1505,1710,1698.25,1795.25,538.75,254.25,4
"200",952.75,919.75,762.5,1072.75,1790.5,2044.75,1941.25,2241.25,1294.75,690,946,855.25,666,1003,1979.75,2249,2224.5,2429,1520,850,1050.25,880.5,624,955.25,2220,2547.25,2546.75,2748.75,1253.5,659,4
"201",837,746.75,585,817,1854.25,2310.25,2239.75,2580.25,1161.75,517.5,785.25,649.75,452.25,736.5,1696.25,2017.25,2059,2237.75,1208.25,575.25,883.25,672,434.5,688.75,1843,2210.75,2268.25,2438.75,878.5,366,5
"202",829,721.25,555.75,773.75,1742.5,2219.75,2161.25,2478.5,1036.5,467.5,767,605.25,403.5,652.25,1516.5,1793.25,1859,1977.5,948.25,453.25,867.25,616.5,376.25,575.5,1507.75,1861,1897,2050.75,649.75,274.75,5
"203",843.75,731.75,543.5,755.25,1733.25,2196,2138.25,2422.25,887.25,382.75,778.5,622.5,397.5,650.75,1582.75,1900.5,1985.75,2081,860,389,864.5,597.25,358.75,507.5,1334.75,1659.75,1638.75,1752,443,201.5,5
"204",852,774,624.25,866.5,1907.75,2377.5,2323,2636.75,1233.75,551.25,799.25,663.5,441.25,752.25,1736.75,2013.75,2058.75,2216.25,1148,524.75,893.5,675,439.75,684.75,1815.5,2239.25,2285.25,2404.25,887.25,378.5,5
"205",867.75,791.75,651,912,1895,2309.75,2258.5,2599.75,1386.5,650.5,824,691.75,505,800.75,1623.75,1869.5,1899.25,2039,1401.5,728,899.25,691,450.25,731,1809.75,2162.25,2170,2323,982.5,425.25,5
"206",862.25,767.25,624.25,868,1842.25,2258.75,2200.75,2517.5,1297.5,589.5,799,647,448,705.5,1469,1705.25,1733.5,1870,1201.5,594.25,898,666.75,439.5,670,1642,1918.25,1980.75,2098.75,867.25,371.75,5
"207",851.5,767,626.25,858.25,1814.5,2226.75,2159.5,2465.5,1303.25,605.25,794,651.25,449.25,737.75,1565.75,1788,1842,1948.75,1205,602.75,885.75,648.75,424.75,637.5,1545.75,1818.75,1808.5,1975,848.25,365.5,5
"208",857,763.75,617.75,849,1778.5,2198.75,2112.25,2432.25,1255.75,584.5,790.25,630,437.5,678.75,1403.5,1645,1648.25,1764.75,1103.25,551.25,886.25,652.75,420,636.5,1589.5,1868.25,1867.25,2057.75,834,356.5,5
"209",850.75,758.5,597.75,844.5,1868,2328.25,2260.75,2608,1232.5,550.5,782.25,622,413.5,654.5,1469.25,1695,1750.5,1869,1082.75,523,874.25,632.75,398.5,611.25,1462,1820.5,1808.5,1930.5,739,309.5,5
"210",829.5,722.75,552.75,768.25,1749.5,2199.5,2121.25,2414.75,1056,462,770.5,605.25,394.5,632.25,1507.5,1793.5,1815.5,1974.5,988,445.25,871,616,382.75,569.5,1470,1742.5,1826.25,1898,631.25,247.75,5
"211",854,757.25,611.75,825.75,1796.5,2213,2142,2467.25,1206,556.75,786.25,621.5,412.75,661.75,1525,1840.5,1869.25,1980.25,1050.25,493.25,859,610.5,379,542.25,1385.5,1615,1639.25,1742.5,641.25,258.25,5
"212",865.5,782,643.5,883.25,1869.75,2334.25,2264.5,2624,1417.75,632.5,797.25,649,447,724.25,1603.75,1885.25,1922.5,2080.75,1279.5,624.25,905.5,684,450.75,703.5,1817,2152.5,2227.25,2366.75,1044.25,426,5
"213",845.25,734.75,590,804.5,1693,2072.75,2023.25,2313.25,1209.5,558.75,793.25,646.25,437,706.75,1640.75,1951.25,1976.5,2104,1137.75,536.75,870.25,617.5,395.5,564.75,1379.25,1634.25,1670.75,1751.5,694.5,303.75,5
"214",827.75,711,546.75,754.5,1688.25,2097.25,2029.75,2331.5,1040,466.25,760.75,598.5,377.75,605.75,1512.5,1808.5,1824.5,1953.75,896,420.5,836.5,552.5,333.75,420.75,999.25,1159.75,1153.25,1220.5,403.5,177.75,5
"215",872,779,664.75,876.25,1799,2224.25,2175.75,2494.75,1331.5,620,797.25,650.5,452,728.25,1538,1773.5,1836,1962,1161.25,575.75,895.5,655,428.5,653,1574,1932,1933,2078.25,790.25,331.25,5
"216",835.25,732.75,591,790.75,1600,1955.5,1887,2158.5,1096,521.75,771.5,606.75,400.75,647.5,1441,1656.5,1653.25,1768.25,931.5,458.25,833.25,562.5,344,453.75,913.75,1063.25,1058,1121.5,408.5,174.75,5
"217",847.25,744.75,595,814.5,1742.75,2127.75,2072,2367.75,1171,521.25,782.5,618.5,410.5,650.75,1497.25,1772.75,1789.25,1923,1028,492.25,856.25,587,359.25,499.5,1140,1343,1317.25,1436,527.5,225.5,5
"218",883.75,807.5,682.25,935.5,1921.25,2366.75,2286.75,2630,1449,681.5,826,692.25,499.5,810,1777.5,2061.25,2123,2269.25,1339.5,671.25,900.75,674.75,446.75,670,1684.5,1980.25,2004.25,2133.5,905.25,390,5
"219",853,773.5,616,905,1958.25,2386.25,2322.75,2663.75,1369.25,623.5,803.25,691.25,460.5,828.5,2045.25,2372.5,2415.75,2574.75,1315.75,616.25,908,720.25,468,814.25,2100.5,2496,2563.5,2738,1108.25,468.75,5
"220",858.75,767,656.5,863.25,1632.25,1990.25,1940.75,2235,1287,643.75,803.25,673.75,472,739,1500,1736.5,1771.25,1913.25,1119,564.25,875,636.25,425,598.25,1337.75,1586,1609,1708.75,751,348.5,5
"221",830.25,745,524.75,816,1896,2322,2217,2498.25,897.25,382.25,802.75,666.5,421,737.25,1880.5,2237.5,2217,2394.25,876.25,398.25,882,631,369.75,557.75,1597.25,1959.5,1919.75,2040.25,522.5,199.75,5
"222",862.75,838.75,594.25,979.25,2142,2581.5,2476.5,2842.5,992,413.5,849.25,767,512.25,914.25,2222.75,2630.75,2646.25,2806.75,1116,516.25,961.25,810.75,498.75,929.75,2769.25,3321,3321.75,3593.5,904.5,372.25,5
"223",812.25,695,495,719.25,1538,1810.75,1749.25,2005.75,977.5,428.5,781,601,372.5,575.75,1373.75,1680,1608.75,1799.75,859.5,415.5,832.75,510,280.25,270.5,373.75,384.75,355,361.75,102.5,53.75,5
"224",829.75,722.75,519.75,777.5,1683.25,2004,1930.75,2202.25,1071.25,465.25,805.5,660,409.25,684,1788.5,2153,2145.5,2303.5,1063.25,482.5,882.25,609.75,361.75,480.75,1194.5,1380.25,1419.75,1568.75,529.5,222,5
"225",823.25,738,513.5,806,1725,2064.25,1954.75,2205.5,1017.25,433,775.25,632,384,650.75,1757.25,2088,2030,2202.75,962.25,429.5,864.5,603.5,347.25,504.25,1197.25,1408.25,1329,1463.25,522,206.75,5
"226",824.5,724.75,514.75,775.25,1661.75,1965,1930.75,2155.25,1107.25,471.5,786.5,616.25,381.75,605.25,1562,1831.75,1794.5,1985,1016.25,475,850.5,561.5,327,400.75,801.75,948.5,868.5,904.75,396.5,185.5,5
"227",823.5,702.75,519.5,725.25,1585.25,1942.5,1868,2118.25,1027.25,449.25,786.5,615.25,395,603.75,1482.75,1737.5,1709,1899.25,997.25,481.25,868,596.75,359,467.75,1105.25,1320.25,1312,1416.25,525,234.5,5
"228",811.5,707,509,756.75,1620,1930.25,1855.5,2087.5,953.75,410,764.75,609.25,375.75,615.25,1597.75,1939.5,1884.75,2021,879.75,387.5,839,549.5,320.5,400.25,876.25,990.75,938,1024.75,322,141.75,5
"229",893,819.25,686.5,1008.75,1833.75,2182.25,2127,2418.75,1616.25,807.25,866.25,766.5,551,912.75,2058,2391.25,2356.5,2603.25,1555.5,793.75,978.5,789,551.75,926.5,2204.5,2534.25,2495.75,2778.75,1635.25,842.75,5
"230",825.75,697.25,546,742,1235.5,1394.5,1333,1563.25,1076,542.25,817.25,645,443,655.75,1333,1539.5,1507,1644.5,1006.25,523.75,848,526.5,307.75,339,534,610,532,574.5,308,134.25,5
"231",907,838.25,700.5,984.25,1775.25,2069.5,1995.25,2301.75,1499.75,785.75,866,761.75,551.75,856.75,1883.5,2168.5,2115.75,2321.5,1502.25,841.75,1022.75,841.5,636.25,959.25,2245,2575,2583.25,2870.5,1672.25,908.25,5
"232",854.5,729.5,621.25,792.75,1185,1359.75,1308,1499.25,1320.5,744,823,670.5,466.5,698.5,1469.25,1635.25,1607.5,1777,1211.75,646,934,686.75,464,650.75,1432,1628,1558.75,1682.5,1088.25,550.5,5
"233",888.5,795.75,672.75,920.5,1546.5,1813.75,1764,2024.25,1471.5,758.25,833.25,706,500.5,769.5,1624.75,1892.75,1845.75,2039,1348.75,712,966.75,760.5,525.25,789.75,1830.5,2079.5,2056,2281.75,1384.25,699.25,5
"234",855,781.25,587.25,881.75,1800.75,2129.25,2071.5,2303.75,1209.5,560.5,829.75,712.5,484.25,796.5,1895.25,2219.25,2161.75,2383,1218.5,607.75,936.75,741.5,487.25,765.25,2009,2338.75,2365,2591,1149.75,541.75,5
"235",879,823.5,629.75,967.25,1854,2178.5,2082.25,2409,1400.25,660.25,872.25,766,541.25,870,1948.25,2234.25,2234.75,2430.75,1529.25,815.75,992.5,842,561.75,930.5,2444.5,2830.25,2805.75,3101,1488.75,694.5,5
"236",945.5,892.75,818.75,1080.5,1775.5,2088,2024.75,2316,1883.25,999.25,897.75,785,600.25,904.5,1963.75,2274.25,2258.75,2462.75,1806.25,1025.5,1032.75,853.5,633.25,970.25,2179.75,2515.25,2517.75,2802.25,1872,993.75,5
"237",901.25,843.5,656.25,956,1780.25,2119.25,2022.5,2334.25,1378.25,683.5,901,798.5,610,904.25,1768.75,2047,2013.5,2203.75,1536,868.5,1006.25,820.5,567.75,867.75,2193,2592.5,2539.75,2796.5,1431.75,711.75,5
"238",934.75,874,797.25,1054.5,1679.5,1962.75,1908.25,2178.75,1648,920,911.25,818,668.25,980,1889.5,2154.5,2131.5,2327.5,1706.75,1003.5,1051.25,896.5,733.75,1055,2151.5,2480,2439.75,2690.25,1835,1047.75,5
"239",887.25,846.5,678.75,1032.75,1902.25,2224,2158.75,2466.5,1389.75,684.25,863.25,760.5,564.25,898.75,1909.25,2202,2158,2378.5,1383.5,742.75,976.5,806.5,567.5,953,2293.25,2678.75,2576,2879,1402.75,695.75,5
"240",845.25,734.25,525.25,763.25,1604,1956,1893,2170,1023.25,463,827.5,684.5,450,698,1660.25,1973.25,1920.25,2089.25,1035.25,507.5,919,655,403.75,551.5,1286.25,1606.5,1556.75,1669.5,654.75,302,5
"241",906.25,855,722.25,1034,1767,2054.75,1966.25,2246,1424.25,732.25,889.5,782.25,624.25,925.25,1873.75,2135,2095.25,2327.25,1460.5,811.75,994,812.75,597.75,923.5,1993,2278,2244,2479,1350.75,725,5
"242",865,814,590,928.75,1794.75,2091.25,2021.75,2264.5,1011.25,474.75,837.5,719.75,477.25,789.25,1808.25,2146.5,2034,2229,938.5,464.5,943.75,752.25,467.25,781.75,1962.5,2277.25,2228,2433.25,821,387.5,5
"243",871.5,775.75,601,882.5,1643.75,1945.75,1874.5,2138.75,1442.25,708,853,720.75,501.75,802.5,1763,2029.5,1994.25,2193,1403,733.75,963,754.5,510.5,786.25,1842.5,2093.5,2076.75,2334.75,1425.75,708.5,5
"244",912.75,842.5,689.5,973,1721.25,2047.75,1937.25,2234.5,1428.75,741,902.25,796.25,609,902.5,1824.5,2063.75,2033.5,2258.25,1527.75,881.75,1010.75,826.75,598.75,915.25,2163.5,2534.75,2430,2738,1485.25,782.75,5
"245",838.25,740,548.25,809.25,1536.5,1778.25,1730.5,1970.25,1165.5,541.25,823.5,678.5,459.5,745,1627,1866.25,1861.25,2056.5,1179,585,887.5,630,388.75,501.5,1035,1222.75,1207.25,1203.5,526.5,264.25,5
"246",826.75,715.25,528.25,770.5,1467.75,1732.25,1634.75,1889.75,1063.25,501.75,802.75,635.75,411.5,643.25,1545.25,1807,1756.25,1934.75,1015.5,496.25,851.5,544.5,314,352.25,649,687.5,648,679.25,261.75,115.75,5
"247",829.5,721.25,513.75,759,1494.5,1754.75,1700,1925.75,1017.5,457,795.25,625,402,636.5,1405.5,1597.75,1559,1714.5,893,448,863.75,563.25,325.75,400.25,749.25,842.5,769,840.25,301.5,132.75,5
"248",879.5,786.75,635.75,886.5,1531.5,1777.5,1686.75,1944.5,1273.5,652.75,824,675.25,466,702.5,1426,1678.5,1598.5,1750.75,1160,612,956,721.5,490.75,706,1510.25,1701.25,1625,1848.5,1026.75,548.5,5
"249",900.5,791,675,875,1371.25,1577.5,1524.75,1783.25,1416.5,779.5,868.25,722.75,525.5,791.75,1593,1844.75,1833,1974.5,1378.75,766.75,984.75,740.5,531,747.75,1499.75,1759.25,1668.75,1848.25,1267.75,699.5,5
"250",845.25,732,581.25,809,1335.25,1534,1491.25,1708,1215,606.75,788.5,619.25,395.25,622.75,1437.5,1683.25,1631,1808,976.75,482.75,885,603.75,383,490.25,897.25,963.25,945.5,1032.75,725.5,365.5,5
"251",865.5,771,603,901,1575.5,1836,1777.5,2043.75,1395.75,661.75,834.75,694,465.75,765.75,1721.75,2021.75,1972.25,2182.75,1275.75,633.75,948,706,472,702.25,1490.5,1728.5,1671.25,1823.75,1156,599,5
"252",1491,1679,2234.5,2359.75,2666.5,2988.25,2902,3352.25,3780.5,2512.25,894.5,842.75,479,949.25,3166.5,4076,4036.75,4338.75,1379.75,623.75,1162,1002.25,1007.25,1163.75,1380.25,1531.5,1518.5,1647.5,2012,1315.75,6
"253",1652.75,1916.5,2609.5,2751,3087.5,3440,3353.25,3842,4079.75,2513.5,945.5,966.75,619.25,1178.5,3206,3880.25,3800.25,4106.25,1695.5,801.5,1257.75,1201.25,1299.75,1417,1539.25,1649.75,1585.5,1738.75,2043.75,1419.25,6
"254",1540.25,1802,2558.25,2739.25,3055,3420.25,3319,3846.75,3844,2345.5,919.75,982.25,536.25,1227.25,3398,4065.25,4025.5,4247.75,1670.25,753.75,1126,943.25,994.75,1074,1167.5,1262,1264.75,1353.75,1656,1204.5,6
"255",1561.25,1822.5,2519,2666.25,2968.5,3304.75,3186.25,3642.5,3848.5,2543.5,870,856,544.5,1025.5,2721.25,3287.75,3258.75,3466.5,1430.5,675.75,1042.75,872,924,986.25,1072.25,1153.75,1138.5,1225.5,1555,1102,6
"256",1643,1907,2607.75,2729.25,3043.75,3374.75,3297.5,3752,3819.75,2515.5,863.25,829.25,450.5,936.5,3478.75,4749.5,4656.75,4978.25,1521.5,672.5,1143.75,994,989.25,1173,1402.5,1511.75,1496.5,1640.5,1868,1174.25,6
"257",1634.25,1857,2368.25,2464.25,2699.25,2974.5,2884.75,3236.25,3488.75,2373.25,917.75,912.25,547,1038.5,3170.5,3976.75,3891.25,4211.25,1646.5,755.75,1296.5,1184.5,1312.5,1436,1557.75,1672.75,1642.5,1806.5,2287,1616,6
"258",2013.75,2421.75,3425.75,3603,3962.75,4409.75,4277.75,4920.25,4712,2971.75,823.5,733.75,412.5,783,2856.5,4005,4017.5,4324.75,1168.5,492.25,1213.25,1062.75,1158.5,1289.5,1415,1535.75,1531.75,1661.75,2317.5,1656.25,6
"259",1682.25,1880.25,2446,2566,2806.75,3089.75,3001,3450.25,3970.25,2814,967,963.25,677.5,1227.75,3028.75,3670.75,3628.25,3918.75,1891.75,965.75,1132.75,918.75,935.25,1019.5,1117,1214,1239.25,1361,1956.5,1378,6
"260",1797,2140.25,3036.25,3211.75,3500.25,3884.25,3776,4323.25,4172.75,2578.25,854,828.25,417.75,981,3780,4774.25,4699,4975.25,1440.5,565,1120.5,913,930.5,991.25,1084.75,1149,1158.25,1269.5,1767.25,1178.25,6
"261",1698.5,2027.5,2891.75,3064.5,3401.5,3754.75,3677,4239,4162.75,2524.5,818.75,747.25,402.25,854.75,2778,3504.75,3465,3699,1217.25,528.5,1118.25,986.5,943.5,1189.25,1563.75,1701.75,1699.25,1855.25,1954.25,1265.25,6
"262",1202.25,1265,1561.75,1616.25,1775.25,1931.75,1817.25,2080.5,2129.25,1613,881.5,863.75,492,1038,3249.5,4039.25,3959.25,4172.75,1486.25,667.25,1034,873.75,929,1002.25,1106.25,1178.25,1119,1166,1164.25,867,6
"263",1675,1948,2687.25,2838.75,3124.5,3473,3368.75,3858.75,4132.5,2721,903.5,920.5,489.25,1156,3643.75,4602,4520,4787,1557.75,653.75,1060.5,882.25,867.5,1036,1273.75,1366,1362.25,1486.75,1698.75,1083.75,6
"264",1583.5,1816,2496,2658,2934.75,3255.5,3175.5,3681.25,3815.75,2366.5,920.5,946,572,1231.5,3307.25,3999.5,3940,4205.75,1710.25,778.75,1149.75,974.5,1021.25,1146.75,1368.5,1476.75,1473.5,1597.5,1764.75,1168.25,6
"265",1878.25,2299.75,3328.5,3530.5,3856.25,4287,4195,4816.5,4623.75,2802.25,808.5,721.5,379.25,814,3272.75,4645,4636.75,4980.75,1140.75,467.25,1168.75,1047,1261.5,1375.25,1510,1645.75,1667.25,1831.75,2373,1843.25,6
"266",1386.25,1525.5,2034.5,2127,2355.75,2590.25,2499,2855.5,3035.25,2064.75,861.25,828.25,495,1044.5,3019,3563.5,3561.25,3724.5,1459,702.75,1043.75,851,839.5,943,1054.25,1123.75,1110.5,1188,1358.75,956.5,6
"267",1672.5,1923.5,2656.5,2805,3067,3402.25,3312,3809.25,3858.75,2441.5,828.5,715.5,385.25,729.75,2983.5,4360.5,4255.75,4631.75,1190,474.75,1159.25,1014,1081.5,1174,1277.25,1359.75,1309.5,1423.75,1813.75,1234.25,6
"268",1135.5,1187.5,1461,1529.5,1674,1847.25,1747.25,1992,2521,1691.25,871,835.25,514.25,1037,2909.5,3562.5,3515,3826.5,1579,739.75,1073.75,928.5,912.5,1063.5,1280.75,1352.25,1269.75,1371.5,1489.5,915.75,6
"269",1485.5,1679.5,2302.5,2416.5,2644.75,2944,2851,3279.5,3527.25,2214.75,874.75,835.75,520.25,990,2653.5,3243,3165.25,3413.5,1417.5,687.75,1110.25,984.25,1054,1185,1322.5,1402.5,1349,1473.25,1796.75,1184.5,6
"270",1632,1907.5,2572,2723,3045,3361.5,3229.25,3666.5,3791.75,2403.75,878.75,796.5,552.25,924,2752.5,3827,3763.25,4086.25,1384.5,628.25,1379,1346.5,1502.5,1681.25,1938.75,2092,1999,2144.5,2789.25,2006.5,6
"271",1165,1313,1592.75,1650.5,1803.5,1974.75,1822.75,2021,2659.5,1785.75,847.5,782.5,441.25,849.75,2915.5,3933,3869.5,4158.75,1384.25,597.75,1020,875,856,924.25,1030,1075.25,992.75,1058.75,1271.25,751.75,6
"272",1322.75,1469.25,1947.75,2099,2356,2628.75,2557.25,2945.75,3272,2041.75,813.5,715.75,397.25,793,3093.25,4306.25,4234.5,4543.75,1341.25,568,1044.5,917.75,895,1027.25,1197,1270.75,1222.75,1284.5,1566.5,977,6
"273",1915,2287.25,3161,3323.25,3749.5,4152,4068,4684.25,4565.5,2839.5,884.25,808,480.5,880.75,3097.25,4126,4083.5,4387,1359.25,592.5,1398.25,1296.25,1423.25,1637.75,2148.75,2374,2404.25,2621,2851.5,1943.25,6
"274",1898.25,2284,3241.75,3407,3814.5,4255.5,4151.25,4756,4870,3068.25,903.75,914.25,500.25,1087.25,3504,4454.5,4375,4717.5,1644.25,697.75,1349.75,1267.75,1494,1661.75,1886.25,2072.25,2069.75,2283,3181.75,2322,6
"275",1807.75,2163,3113.25,3295.25,3722.75,4149.75,4086.5,4726,4441.75,2661.75,884.75,798.25,462,846.5,3089.5,4184,4105.75,4428.75,1336.5,590.25,1325.5,1205.75,1286,1514,2037,2248.75,2237.75,2463,2568.25,1721.5,6
"276",1487.25,1672.25,2276.25,2440,2759,3109.25,3035.5,3528.5,3603.25,2197,903.5,877.75,467.5,1047.75,3632.25,4766,4680.75,5025.5,1487.25,612.75,1172.75,1036.5,1060.75,1142,1246.5,1307,1277.25,1379.75,1465.25,945,6
"277",1581.5,1852.5,2651.5,2832,3245.25,3635.5,3579.75,4145,4099.25,2365,891.25,866,474.75,996.75,3425.5,4450.5,4345.5,4684,1677.5,759,1187,1049.5,1043,1235.75,1601,1786.75,1709.25,1877.5,2098,1481.25,6
"278",1813,2177.75,3117.25,3294.75,3657.75,4080.25,3962.75,4545.75,4407.25,2626.25,905.25,935.75,487.75,1120,3607.75,4500.5,4434.5,4780.25,1708.25,754.25,1300.75,1195,1341,1467.5,1588.75,1720,1688,1849.25,2381.5,1758.75,6
"279",1483.25,1664.5,2253,2400,2692,3024.25,2961,3417.5,3807.5,2406,892.75,848,482,991.25,3283.75,4180.5,4075.5,4406.75,1295.75,560.25,1117,1004.25,911.25,1122.5,1418.25,1523.25,1487.5,1559.75,1436,938.25,6
"280",1865.5,2248.25,3205.5,3382.5,3705.75,4128.25,4026.75,4607.75,4435.75,2744.5,849,793,440.75,897.25,3043.75,4116.75,4081,4341.75,1238,514,1136.25,1013,1085,1162.25,1237,1320.5,1280.5,1386,1691.25,1181,6
"281",1444,1627.75,2222.25,2377.75,2701,3027.25,2946,3412.25,3466,2066,840,733.25,389.5,768.75,3107.75,4223.5,4125.25,4400.25,1193.25,467.25,1152.75,971.5,966,1060.25,1234.5,1337,1287.25,1427.5,1469.25,998.75,6
"282",1655.5,1947.25,2715.5,2867.25,3146,3517.5,3367.5,3865.25,3744,2294.25,923.25,928,599.75,1163.5,3103,3793.25,3693.75,3929.75,1544,703.5,1184.25,1065.75,1169.25,1271.5,1369,1443.25,1413,1486.25,1602,993,6
"283",1520.25,1759,2385.5,2540.25,2819.25,3165.75,3100.75,3518.5,3652.25,2427.5,858.75,824,506,1017.5,3064.25,3863.5,3878,4066,1592.25,749.75,1137.75,1030.75,1062.5,1265.25,1621.5,1732.25,1729,1869,1929.5,1270.25,6
"284",1274.25,1391.75,1650.5,1719,1894.5,2084.75,1948.75,2242.75,2707,2001.5,820.5,734.75,394,811.5,3037.5,4125.5,4022.75,4303.75,1308,545.5,1063.25,923.75,939.25,1023,1095.25,1160.75,1136.5,1212.25,1454.5,912.75,6
"285",1831.25,2242.75,3229.5,3448.25,3820.75,4248,4156.75,4767.5,4469,2730,889.5,873.25,507.5,1038.75,3171,3901.25,3814,4060,1567.75,690,1617,1563.25,1857.75,2002.5,2175.25,2316.5,2324.75,2505.75,3264.25,2357.5,6
"286",1360,1567.25,2154.25,2462.25,3045.25,3494,3466,4083.25,3481.75,1976.5,851.75,817.25,432,972,3440.75,4543.5,4539.25,4720,1398.75,605.5,1141.75,966.25,1033.75,1198,1422.25,1539.5,1559,1739.75,1970,1351.5,6
"287",1287.75,1388.75,1737.75,1794.75,1957.75,2163.75,2042.25,2319.25,2753.25,2074.5,843.75,783.25,499.25,916.25,2436.75,3042.75,3009.5,3221,1236.5,570.75,1100,949.75,1059.5,1135,1211.75,1309,1283.75,1377,1713,1239.5,6
"288",1601.75,1867,2629.75,2809,3100,3437.75,3338.75,3848.25,3935.25,2411.5,887,891,489.5,1056.25,3115.25,3791.75,3690.5,3914.5,1520.25,682.75,1009,794.75,770.75,829.5,905.75,959.75,941,1014.5,1313.75,864.25,6
"289",1219.5,1275,1611.25,1664.5,1809,1986.25,1880.25,2132,2191.75,1665.75,846.75,837.5,488.75,1085,3302.5,4091,4061.75,4353,1399.25,619,1132.5,998.5,1105,1208.25,1328.25,1423.25,1385,1467.25,1390.25,1036.25,6
"290",1368.25,1561.25,2128.25,2234.75,2478.75,2752.75,2625,2988.75,3145.75,1880.5,1007.25,1069.25,863.25,1550.75,3115,3643.25,3512,3802,2053.5,1022.75,1129,1033.75,1046,1177,1319.25,1407,1323.25,1431.5,1779.75,1118.25,6
"291",1460.25,1648,2180.5,2288,2532,2816.75,2676,3077.75,3645,2316.75,925,901.5,652.25,1057,2802.5,3577.5,3453.5,3740.5,1878.75,899,1182.25,1120.5,1202,1315.5,1479.75,1575,1466,1599.5,2167.25,1400.25,6
"292",1325.5,1534,1909.5,1957.75,2156.5,2377.5,2206.5,2489,3106,2095,991.75,960.25,723.5,1135.25,2778,3388.75,3282.5,3595.75,1612,824.25,1167.5,1204,1038.5,1518.5,2430.25,2661.5,2537.25,2741.5,2122.25,1151.5,6
"293",1555.75,1846,2480.25,2572.25,2811.75,3094.75,2932.75,3323.5,3692,2345.5,928.5,904,699.25,1060,2594.5,3249.75,3113.25,3371.25,1710,836.75,1219,1234.25,1295,1537,1854.25,1981.5,1867.75,2010.75,2189,1245,6
"294",1612.75,1872,2528.5,2596.75,2846,3167.25,3035.5,3471.5,3934.25,2481.75,919.5,872.5,625.25,1031,2830.5,3777.75,3696.25,4017.25,1755.25,835.75,1432,1478.75,1705,1857.75,2069.5,2204.75,2098.25,2282.25,3065.5,2158,6
"295",1342.25,1496.5,1939.5,2053.5,2307.5,2594.25,2486,2864.5,3598.75,2344.75,987.5,997,677.25,1192.75,3232.75,4018.5,3869.5,4191.5,1798.75,895.75,1170.75,1119.5,1159.5,1374,1783.5,1973.75,1878.5,2042.25,2365.5,1466.5,6
"296",1533.25,1746.5,2330,2424.5,2648.75,2940,2794.75,3216,3815.25,2412,946,927.5,702.75,1121.25,2708.5,3395.25,3278.25,3589.5,1901,961.25,1290,1248,1403,1579.5,1802.25,1919.75,1834.5,1978.75,2599.5,1719.75,6
"297",1603,1852,2552,2706,3009.25,3388.25,3284.25,3791.5,4238,2654.25,936.5,883.5,622.75,1010.5,2816,3653,3539.75,3845,1912.5,959.75,1245.75,1298.75,1334,1667.75,2190.5,2378.5,2240.75,2401.25,2532.5,1437.75,6
"298",1125.5,1227.5,1421.75,1445.25,1591.5,1756,1609,1794.25,2413.25,1546,870.5,794.5,460.75,862.25,3208.25,4640.75,4556.5,4966.5,1465.75,595.25,1140,1081.5,1172,1262.25,1379.25,1463,1343,1415.5,1900.25,1097.5,6
"299",1301.25,1394,1857.25,2011.5,2303.5,2610.75,2552,2977,3544.75,2126.5,963.75,951.75,729.75,1207.75,2845.75,3530.25,3484,3831,2153.25,1069.25,1170.75,1069.5,1150.5,1279,1412.75,1520.25,1465.25,1601.5,2304.75,1543,6
"300",1514.25,1751.5,2346.5,2477,2759.5,3054.5,2923,3348.5,3992.5,2537.25,859,728.25,433.5,761,3087.5,4740.75,4670.75,5140,1415.75,588.25,1198.5,1243,1197,1638,2384.5,2598.5,2465,2660.5,2571.75,1372,6
"301",1646.5,1900,2592.25,2745.5,3034.75,3351.75,3224.5,3734.75,3804.25,2367.5,892,904,481.75,1151.5,3946.75,4770.25,4696,4924.5,1571.5,609,1055,840.5,782.5,967.75,1306.5,1433,1417.75,1545,1816.25,1081,7
"302",1176.25,1202.25,1402.5,1463,1644.5,1821.25,1726.25,1974.5,2309.75,1672.75,1044.5,969.75,1022.75,1122.5,1304.75,1416,1370,1470.5,1864.75,1412.5,1024.75,819.5,759.5,830,914.25,962.5,929.75,1007.5,1131.25,758.25,7
"303",1648,1731.25,1930.25,2015.5,2476.75,2818,2787.25,3229.25,3853,2645.75,1849.25,1901,2032.75,2290.5,2848,3148.25,3288.75,3640.25,4678.25,3459.75,1845,1791.75,1938,2201,2785,3082.25,3266.5,3583.5,4440.75,3177.75,7
"304",1467.5,1644,2231.5,2362.25,2641.5,2922,2785.5,3178.5,3087,2233.75,1435.25,1570,1858.5,2232.75,2954.25,3165.5,3133.75,3330,2697,2070.25,1435,1419.25,1647,1891.25,2264.75,2403.5,2374.75,2543.5,2312,1773,7
"305",1351.25,1476.75,1963.5,2148.5,2513,2810.25,2718.75,3118.25,2984.75,2155,1360.5,1441.25,1794.25,2151,2723.25,3011.25,2994.25,3214.75,2839,2274,1350.25,1317,1574.5,1857.5,2333.25,2582.5,2589,2799.75,2415.5,1817.5,7
"306",1363,1520.75,2282.5,2429,2709.25,2984.5,2837.5,3210.5,3014.25,2437.5,1316.5,1433.5,2067,2376,2759.5,2978,2919.25,3131.5,2776,2410.25,1299.75,1253.75,1663.5,1927.5,2267,2430.75,2419.75,2568.5,2074.25,1676.75,7
"307",1155.5,1226.75,1782.5,1921,2184,2433.5,2312.5,2643.25,2618.75,2049.5,1057.25,1063.75,1368,1690,2110,2292.25,2266.25,2409.75,2200.25,1826.5,1128.25,1019.75,1202.5,1417.5,1763,1886.5,1864.75,2003.75,1698.75,1298,7
"308",1516.5,1593.25,1974.75,2108,2350.75,2616.5,2606.25,3029,3801.5,2459.5,1512.75,1546.5,1546,1972.5,2887.5,3143,3234,3497.75,3299,2283,1618.5,1521,1604.25,1857,2224.5,2406.75,2447.5,2648.25,3189.5,2301,7
"309",1448.75,1595.5,2074.25,2233,2523.5,2834.5,2792,3244.25,4136,2793.5,1401.25,1521.5,1616,2080.75,3131.75,3438.25,3515.5,3792.25,3569.75,2523.25,1584.25,1606,1839.75,2147.25,2628.75,2846.5,2910.25,3153,3994.75,2947.75,7
"310",1432.5,1557.5,1993.5,2121.25,2398.5,2695.5,2676,3127.75,4133,2743.25,1473.5,1556.75,1623,2048.5,2957,3248,3336.25,3613.75,3689.5,2587.5,1426.5,1414,1523.75,1865.75,2439.25,2624.5,2701.5,2939.75,3648.25,2593.5,7
"311",1894.5,2038.5,2366.75,2457.75,2751.75,3002.5,3016,3472.75,4540.75,3290.75,1947.25,2053.25,2201.5,2548,3218.25,3498.75,3621.25,3948,4623.25,3565.5,2444.75,2526.25,2892,3129.25,3555,3802.5,4049,4329.75,5696.75,4537.25,7
"312",1648,1851.5,2339.25,2500.5,2761.5,3055.75,3041,3513,4422.5,3088.5,1625,1771.75,1971.75,2354,3115.75,3446,3497.75,3834,4274.5,3134.5,1862,1954.5,2266.25,2600,3134,3397.5,3542,3856.75,4891,3637.25,7
"313",1769,1810.5,2031.75,2097.25,2299.5,2521.25,2524.25,2887.75,4057.25,2990.25,1970.25,1984.75,2134.75,2336.5,2731.75,2976,3095,3411.5,4513.25,3544.75,2192.75,2183.25,2428.25,2674.75,3042,3263.75,3409.75,3799.75,5168.5,4076.5,7
"314",1631.5,1697.25,1969.75,2086.5,2295.75,2525.25,2512,2900,3903,2828.5,1744,1812.75,1917.75,2297.5,3031.75,3276.5,3376.25,3670,4058.25,3076.5,2093,2149.5,2387,2738.25,3373,3615,3754,4133.25,4965.5,3837.75,7
"315",1597.25,1680.5,1971,2096.75,2342.25,2570.25,2540.5,2915.25,3808.25,2731.75,1616.25,1693.25,1789,2172.5,2822.25,3067.75,3125.25,3381.25,3807.5,2820.25,2044.25,2110,2369.5,2711.5,3286.75,3549.75,3606.5,3947.25,4960,3751.5,7
"316",1500.5,1521.75,1762,1874.5,2141.25,2389.75,2376.5,2758.25,3506,2410.25,1611.75,1576.5,1608.75,1862,2408.5,2635.25,2769.75,2964.75,3454.25,2588,1597.5,1416.25,1466,1609.5,1882.75,2058.25,2152.5,2316.25,2843.75,2031.5,7
"317",1899,2015.75,2375,2457.75,2698.5,2960.25,2934.75,3400.75,4410.5,3043.25,2029.75,2097.25,2215.25,2544.5,3281.5,3545,3695.5,3940,4338.25,3182.5,2291.25,2281,2528.75,2778.25,3269.25,3504.25,3672.25,3965,4711.75,3393.75,7
"318",1949.25,2061.75,2363.25,2429,2646.25,2933.75,2917.25,3402.25,4970.75,3821.25,2050.25,2081,2215.25,2516.75,3029.5,3288.75,3456.75,3731,4986.25,3937.75,2340.75,2339,2625,2870.75,3267.5,3510.25,3741.25,4113.75,5761.5,4584.75,7
"319",1984.25,2163.5,2604.25,2673,2905.75,3208.25,3164.75,3655.5,5129.25,3670.75,2203,2298.25,2475.25,2777.25,3338.5,3637,3779.5,4137,5157.5,3803.25,2447.75,2569.25,2952.5,3301.25,3861.75,4162.5,4316.75,4731.25,6122.25,4486.5,7
"320",1447.75,1528.75,1915.5,2018,2230.25,2499.5,2450.75,2849.75,3635,2531.25,1435.5,1450.5,1489,1793.25,2435,2666.5,2738.5,2946.5,3129.25,2320,1474.25,1357.25,1390.25,1593.5,1978.25,2105.75,2135,2315.5,2612.25,1919.75,7
"321",1758.75,1889.75,2330.75,2458,2707.5,2998.75,3012.5,3524.75,4838.75,3541.25,1763,1811.25,1951.75,2316.25,3001.75,3282.5,3435.25,3735.25,4454,3458.5,2227.5,2264.5,2573.25,2918.75,3400.5,3664,3830,4204.75,5850,4607.25,7
"322",1429.5,1512.25,1928.5,2039.5,2298,2573,2534.75,2950.5,3837,2690.5,1389.25,1436,1447.5,1855.75,2726.5,3012.25,3062.5,3307,3254.75,2344.25,1587.25,1534,1623.75,1928.5,2503.25,2713,2782.5,3043.5,3532,2532,7
"323",1907.5,2062,2398.5,2493,2744.5,3012.5,2983,3480,4868.25,3615.75,2073.25,2196,2432.75,2667.75,3117,3376.5,3532.25,3838,5077.25,4006.25,2326.5,2414.5,2745.25,3044.75,3413.25,3694.25,3855.25,4247.25,5755.75,4484.25,7
"324",1498.5,1597.25,1873.5,2052,2411,2710.25,2703,3134.75,3741.5,2552.75,1481.75,1511.25,1501.75,1831,2515.5,2797,2873.75,3133,3558.5,2626.25,1690.25,1649.75,1730,1997.75,2570.25,2750.5,2902,3182,3727,2740.25,7
"325",1791.25,1886,2162.5,2220,2492.5,2740.25,2744.25,3181.25,4411.5,3262.75,1998,2042,2190.75,2446.5,2936,3147.75,3331,3656.75,4892,3867,2045.25,2026.5,2215.25,2509.25,2984.25,3236.75,3388.5,3767.25,4957,3815.5,7
"326",1647.75,1859,2448,2591.5,2859.75,3151.75,3106.25,3575.25,4316,3088.75,1674.25,1846.5,2123.75,2514,3227,3509,3564.5,3797.5,3981.5,2983,1918,2029.5,2422.25,2771.5,3263.25,3512.75,3599,3881.5,4578,3449,7
"327",1593.75,1720,2120,2223,2468.25,2733.75,2725,3159.5,4312,2976,1520,1585.25,1654,2021,2759.5,3026,3149.5,3387.25,3836.5,2801.75,1899,1930.75,2182.75,2455.5,2922.5,3180.5,3315.5,3630.75,4963.75,3693.5,7
"328",1591.25,1822.5,2506.25,2659,2909.75,3218.25,3153,3591.5,4142.75,3031.25,1595.25,1782.25,2059.25,2540,3381,3665,3703.75,3958.75,3892.25,2924.75,1966,2166.25,2648,3120.5,3809.75,4079,4157.25,4442.25,4779.5,3636,7
"329",1557.75,1763.5,2232,2392.75,2657.75,2940,2861.5,3274.25,4018.5,2852,1534.5,1643.25,1846.5,2187.25,2854.25,3130.25,3207,3487.75,4000,2942.75,1844.25,1984.5,2368.5,2750,3305.75,3633.25,3694.5,4037.75,4811.5,3465,7
"330",1555.75,1770.25,2394.25,2550.75,2809.75,3100.75,3068.75,3531.75,4182.25,2980.75,1612.25,1790.5,2122,2478.75,3236.25,3504,3554.25,3797.25,3927.25,2976.25,1907.5,2037.25,2458.5,2856,3449.75,3710.25,3783,4037,4662.75,3494.25,7
"331",1610.25,1788.5,2308,2445.5,2729.75,3059.5,3014.5,3467,4146.25,2908.75,1579.5,1693.25,1828.75,2255,3098.5,3427,3505,3804.25,3911.5,2890.5,1803.5,1850.75,2070.75,2473,3139.75,3370.25,3505,3772.75,4143.5,3052,7
"332",1485.75,1645.5,2128.5,2247.5,2443.25,2696.25,2644,3033,3812,2683.25,1564.25,1703,1965.5,2289.75,2918,3151.75,3184.75,3416.75,3691.25,2734.5,1738.25,1788,2087.5,2358.25,2732,2914.25,2973.5,3191.25,3808.25,2795.25,7
"333",1675.75,1803.5,2128.25,2290.75,2629.5,2888,2854.25,3249.25,3966.75,2803.75,1767.5,1819.75,2082.5,2350.5,2840,3062,3139.5,3341.5,3875.75,2871.75,1927,1972.75,2196.5,2663.75,3315.25,3603.5,3754.25,4064.5,4432.5,3086.25,7
"334",1326,1377.75,1542.5,1707.75,2046.5,2244.5,2176.5,2466.25,2650,1922.5,1401.5,1340.5,1413.25,1594.5,1896,2012.25,2064.25,2193.5,2632.5,2167.75,1290.25,1128.5,1152.25,1306,1558.75,1681,1711.5,1814.25,1966,1526,7
"335",1333.75,1363.75,1486.75,1641.5,2024.5,2238.25,2178.25,2471.25,2359.75,1676.25,1422.5,1365.25,1434,1606,1881.25,1983.25,2008.5,2128.75,2360,1905,1532.5,1413,1503,1699.75,1967.25,2120,2181.25,2283.5,2429.5,1914.75,7
"336",1499.5,1627.5,1962.25,2118.75,2449.25,2708.5,2656.5,3027.75,3242,2288.75,1690.75,1736.75,1853.5,2135.25,2700.5,2914,2939.5,3169.25,3310.5,2610.25,1862.25,1905.5,2159.75,2489.5,2983.5,3193.75,3249,3506,4065.25,3221,7
"337",1116.75,1118.75,1212.5,1354,1661.25,1830,1774.75,1990,1943.5,1328.25,1102.5,1027.75,1026,1201,1475.25,1578,1588.25,1699.25,1786.75,1363.5,2207.5,1792,1641.75,1672.25,1779.25,1684.75,1620.25,1622,260.5,179.75,7
"338",1121.25,1062,1107.5,1195.25,1456.25,1590.25,1550.75,1766.5,1766.75,1273.25,1131.75,1019.5,1015.25,1134.75,1319,1400.25,1410,1489,1618.75,1299.25,849.75,520.25,323.75,302.5,322,302,275.75,278.75,174.25,133.5,7
"339",1442.25,1479.25,1583,1709.25,2015.5,2218.25,2169,2450,2561.25,1948.5,1521.25,1445,1478,1665.5,1954.75,2091.25,2127,2293.25,2561.5,2128.75,1646,1515.25,1566.5,1729.25,2023,2154.75,2226.75,2355.75,2669.5,2228.5,7
"340",1335.25,1346.25,1478.75,1591.5,1821,1995.75,1943,2193.75,2372.5,1806.75,1369.5,1270.5,1309.5,1447.75,1671.5,1796.25,1821,1938.5,2191.25,1827.5,2250.75,2040.5,2116.25,2254.75,2400.75,2454.75,2337.5,2499.25,1307.75,1094.5,7
"341",1392.75,1474.5,1747.5,1869.75,2179.5,2426,2354.75,2665.75,2990.75,2188.75,1550.75,1542,1666.5,1889.5,2256.75,2420,2456,2586,3048,2470.75,1491.75,1380.75,1463.5,1682.5,2011.25,2149.75,2208,2379.5,2538.5,1947.25,7
"342",1059,1093,1136.75,1322.75,1894.5,2176,2105.25,2372.5,1923.5,1317.75,1015.75,969.5,930,1175,1733.5,1924,1939.75,2075.5,1717.5,1228,1143.25,864,683.75,764.5,1137,1226.75,1231,1311.75,479.75,324.25,7
"343",1553.75,1627.25,1897.5,1957.75,2170.75,2359.5,2260,2513.25,2522.25,1923.75,1645.5,1653.5,1772.25,1993.5,2404.25,2554,2538,2671.75,2428.5,1944.25,1955,1925.75,2171,2341,2563.5,2652.75,2679,2765.5,2831.75,2336.5,7
"344",1710.25,1773,1908.25,2008,2267.25,2448.25,2377.25,2683.25,2854.5,2268,1749.5,1743.25,1852.5,2009,2274.75,2395.5,2419.75,2622.25,2988.5,2507.5,2050.5,2013.75,2181.75,2389.25,2647,2797,2870.5,3063,3376.5,2914.25,7
"345",1717.5,1784.75,1944.25,2008.75,2314,2510.75,2506.5,2866.5,3104.25,2501.75,1872,1885.75,2019.5,2172,2453.75,2651,2735.75,3029.75,3563.75,3014.25,2204,2209.25,2444.75,2681.5,2990.25,3182,3359,3617.75,4290.75,3668.5,7
"346",1843.25,1909.5,2084.25,2153,2402,2633.25,2633,3032,3508.25,2852,1928.5,1924.75,2070,2219.5,2465,2652,2781.5,3088.75,3799.5,3271.5,2544,2588,2895,3119.5,3423,3657.75,3927,4293,5382,4732.5,7
"347",1397.75,1452.5,1691.25,1897.5,2269.25,2560.75,2540.75,2944.75,3353,2212.75,1323.25,1288,1285.75,1584,2245.75,2469.75,2548.25,2762,2871.75,2035.25,1734.75,1710.25,1792,2146.75,2859.5,3116.25,3219.5,3506.25,3867.75,2738.5,7
"348",1368,1449.5,1767.75,1852,2096.75,2313.25,2210.5,2519.75,2669.75,1839.25,1309,1414.25,1583.25,1864.25,2353.75,2552.25,2466.75,2648,2536.5,1831.25,1330.75,1300.75,1311,1632,2115.25,2287.75,2198.25,2363.75,2183.75,1558.5,7
"349",1672.75,1907.5,2401.75,2561.75,2869.75,3162.75,3034.75,3470.25,3902.25,2703.25,1745,1945.75,2051.75,2496.5,3409.5,3680,3676,3914.75,3537.25,2498.75,1905.75,2013,2283.25,2620,3216.5,3438.5,3428.75,3678.25,3908.25,2783,7
"350",1169.25,1132.5,1206.75,1333.5,1606,1790.25,1736.25,1990.75,2107.5,1439,1215.25,1090.5,1054,1211,1530,1648.75,1653.75,1791,1935.75,1494.5,994.25,734.25,577.5,689.5,977.5,1037,1029.75,1108.75,866.5,592.25,7
"351",1391.75,1448,1720,1893.25,2196.5,2449.5,2410,2775.25,3311.5,2399,1388.25,1400.75,1483,1760.5,2335.5,2544.25,2595.25,2802.25,3093.75,2450.75,1550.5,1491.5,1565,1862.5,2421.75,2652.75,2711,2956.75,3279,2515,7
"352",1392.25,1388.25,1527.75,1620.75,1840.5,2041,1980,2276.75,2997,2063.5,1348,1257.5,1257.5,1496.5,1891.5,2052,2078.5,2246.25,2672.75,1950,1077.75,798.5,650.25,704.75,823.25,856.25,856.25,904.25,924.5,639.5,7
"353",1116,1150.75,1379.75,1532.25,1865.5,2093.5,2021.5,2301.5,2369.75,1597.5,1083.25,1047,1150,1370.25,1781.25,1940.5,1961.75,2076,2310.25,1701.5,1091.25,957.25,925.5,1158,1644.75,1814.25,1816,1915,1696.5,1143.75,7
"354",1009.5,981,1046.25,1273.5,1694.25,1922.5,1859.5,2142.5,2179.25,1286.75,973.5,899.5,844.5,1124.5,1780.5,1981.25,1993.5,2143.5,2161.25,1385,1112.25,994,913.75,1260,2199,2483,2506.75,2680,2441.75,1489,7
"355",1043,1085.75,1257,1455,1886.5,2100.5,2031,2283.5,2372.25,1604.75,1022.75,1010,1096,1318.25,1764.5,1914.75,1945.75,2062.25,2292.5,1680.5,1095.75,1006.75,1043,1261.25,1813.25,1978,2024.25,2086.75,2005.25,1385.25,7
"356",1086.75,1040.75,1171.25,1305,1570.5,1775.25,1702.25,1962.5,2120.75,1372.25,1056.5,975,1023.25,1218,1660.25,1820.25,1785.5,1953.25,2021.5,1447.25,1019.5,794.25,727.75,851.75,1133.25,1238,1183,1297,1281.75,893.5,7
"357",1043.75,1019,1155.75,1322.75,1639.75,1842.75,1767,2038.5,2279.25,1493.5,1031.75,953.75,986.75,1245.5,1749.75,1914.5,1898.75,2042.5,2390.5,1679.75,1143.75,997.75,1022.75,1265.75,1762,1955.75,1927.25,2071,2323,1571.75,7
"358",1059.75,1017.5,1051.25,1265,1869.25,2190.5,2117.5,2471.5,2173,1211,960,848.25,671.5,1005.5,1869.75,2138.75,2178.5,2351.75,1726.5,975.5,951.75,703.25,512.5,673.75,1252.25,1441.75,1407.5,1560.5,936.25,480.75,8
"359",1089.5,1069.25,1199,1389.25,1952,2280.75,2242.5,2603,2463,1418.5,962,870,728.75,1055,1923.5,2221.25,2250,2464.5,1994.25,1163.25,1023.75,822.5,653.75,896.75,1640.75,1895.25,1936,2084.25,1400,765.5,8
"360",1020.25,980,1052.5,1283,1933,2287.5,2240.25,2615.25,2301.5,1282,928.5,835.75,677,1022,2012.5,2351.75,2371.75,2569.5,1846.75,1036,976.75,776.75,589.5,842.5,1658,1936.25,1968.25,2149.25,1339.75,701.75,8
"361",969.5,917,914.75,1155.75,1867,2246.5,2197.5,2542.5,2030.75,1031.75,904.5,784.75,608,905,1882.25,2202.25,2208.75,2399.5,1692.25,918,932.75,698.25,492,703.75,1500.75,1762.5,1778.75,1929,1092.75,528.25,8
"362",910.75,843,762,1022.25,1769,2106.75,2042,2374.75,1654.75,825.25,838.5,687.75,491.5,766,1607.5,1861.5,1895.75,2053,1369,702.75,902.25,675,446,674.5,1475.75,1711,1746.75,1906.5,972.5,459,8
"363",1046.75,1040.75,1072.75,1340.25,2079.5,2434.75,2381.25,2808.25,2358.25,1345.75,1042.5,939.75,839,1114.25,1829,2085.75,2149,2343.25,2262.25,1415.25,1010.5,812.75,649,903.25,1710.5,1970.25,2025.75,2239.25,1492.75,841,8
"364",1018.5,978,1029.5,1252.25,1871.5,2203.75,2165,2509.75,2321.5,1318,972.5,859.75,775,1034.75,1723.5,1958.75,1998.75,2195.5,2150.5,1363.5,1007,778.75,623.25,815,1594.25,1845.25,1879.75,2048.5,1470.75,822.5,8
"365",910,832,742.75,990.5,1741.5,2045.5,1995.75,2324.75,1617.25,800.5,856.25,718.5,529.25,796.25,1611.5,1833.5,1877.5,2021.25,1411.75,762.25,906.25,670.75,451.5,659.5,1499.25,1739.25,1717,1882,982.25,474,8
"366",895.25,809.75,699.75,927,1787,2156,2109.5,2408.25,1474.5,703.5,842.5,684.75,501.5,736,1542,1812.75,1832,1965,1272.75,674.75,904.75,674.25,451.5,673,1571.25,1864.5,1914.75,2030.25,920.75,417.75,8
"367",1000.25,956.5,1006.5,1203.5,1838.25,2171,2103,2469,2161,1220.75,915.75,786,670.75,961.5,1696.75,1937.75,1976,2160.25,1846.75,1115.75,961.5,734,561.25,764.75,1457.25,1699.25,1702.5,1884.5,1289.25,678.25,8
"368",1299.5,1321.25,1425,1606.25,2027,2274.75,2252.5,2653,3180.25,2064.5,1185.75,1107.5,997.25,1286,2060,2304.75,2382,2637.25,2790,1879.5,1256.5,1076.5,965.5,1167.5,1741,1924.75,1994.75,2207.5,2400,1624.75,8
"369",1115.25,1120.75,1297.5,1485.25,1980,2269.5,2231.75,2598.75,2750,1634.75,1058.5,985.25,936,1230,1888.75,2121,2163.5,2352.5,2519,1643.75,1075.75,900,796,1027.25,1690.25,1888.75,1932.25,2112,1879.75,1168.5,8
"370",1000,956,1013.25,1213.25,1810.25,2129.75,2079,2420.75,2126.5,1206.25,910.75,777,650,889,1623.25,1875.5,1873.25,2041.25,1759.5,1065.75,928.25,697,511.25,689.75,1299.25,1508.25,1507,1676.5,1022.25,550,8
"371",1178,1177.5,1160,1411,2223,2615.5,2580,3037.75,2769.75,1657.25,1142.5,1065.25,943.5,1229,2066.5,2356.25,2449.75,2686.75,2707.25,1757.5,1224.25,1075,953.75,1312.75,2320.25,2712,2791.75,3072.5,2719,1758.25,8
"372",1163,1180.25,1164.5,1497,2291.5,2664.25,2631,3042.75,2753.25,1612,1155.5,1092.25,969.25,1320.5,2174.75,2468,2558.5,2809.5,2991.5,1970,1212.5,1098.25,954.5,1348.75,2336.75,2670.75,2765.75,3011.25,2764.25,1743,8
"373",1157.25,1170.75,1282,1527.75,2159.75,2494.25,2477,2871.75,2845.75,1666.5,1224.5,1207,1169.75,1507.75,2324.75,2619.5,2742.5,2990.5,3110,2080,1238,1122,1049,1398,2210.5,2538.5,2629.25,2879.75,2678.5,1720,8
"374",1049.5,1013.75,1086,1279.25,1793.25,2077.75,2056.75,2388.75,2444.25,1529.25,966.5,850.5,755,1042.5,1627,1838.75,1890.75,2034.75,2088.5,1428.75,1049.25,853.25,723.25,954,1629.75,1837,1874.75,2058.5,1797.25,1126,8
"375",1102.25,1081.5,1148.75,1351,1859.75,2154.25,2121.25,2448.75,2636.5,1686,1060.75,963.25,931.75,1165.75,1677.5,1881.25,1947,2111,2482.25,1764.5,1114.5,947.5,862,1125,1795.25,2048.5,2098,2279.75,2201.25,1441,8
"376",992,940.75,964.75,1158.75,1707.75,1968,1931,2256,2066.25,1234.75,928.75,797.25,682.5,918.5,1556.75,1817.75,1829.25,1973,1791.25,1160.5,941.75,721.75,551,734.5,1362.5,1563,1561.5,1680.25,1164,684.75,8
"377",1186,1213.5,1303.25,1526.25,2042.25,2294,2231.25,2542,2475,1551.25,1232.5,1184,1193,1453.75,2019.75,2222,2258,2452.5,2553,1788.5,1341.5,1262.75,1281,1627.25,2379.25,2633.25,2707.5,2909.5,2901,1941.5,8
"378",1202.25,1292.25,1595,1851.75,2331,2679.5,2683.25,3070,3330.25,2149.25,1099.25,1105,1105,1664.25,2584.25,2890.25,2991.5,3177.75,2913.25,1937.5,4082.75,3981.5,4464.25,4811.5,5165,5213.5,5346.5,5389.75,1283.25,899.75,8
"379",1400,1503.5,1877.5,2023.25,2365.5,2641,2619.25,2969.75,3361,2416.25,1352.5,1351,1457,1938,2657,2875.25,2941.75,3122.5,3000.75,2161.5,1721,1613.75,1686.25,2064,2641,2806.75,2814.75,2963.75,2069,1444,8
"380",1130.75,1128,1082.25,1297.75,1881.25,2117.75,2056,2307,1734.5,1175.25,1009.5,939.5,835,1100,1767.5,1958.5,2025.25,2130.75,1551.25,1085.5,1103.5,919.75,781.5,1005,1496.25,1672.75,1672.25,1744,1203,901.5,8
"381",1166.75,1197.5,1203.25,1474.5,2103.25,2408.25,2350,2675.5,2344.5,1523,1134,1093.75,1036.5,1351.75,2133.5,2394.75,2445,2622.75,2365.75,1645.25,1257.75,1143,1052,1394.25,2265.5,2530.75,2609.25,2802.25,2257.5,1531.5,8
"382",1189.25,1192.75,1176.75,1430.25,1958.75,2228.25,2177.25,2500.75,2267,1519.25,1162,1103.75,1015.5,1330.25,2067.5,2314.25,2357.25,2568.25,2235.25,1601.25,1366.25,1263.5,1183.75,1538.5,2404.25,2669,2766.75,3022,2580.25,1832.5,8
"383",1147.25,1183.5,1314,1574.25,2055.25,2325.5,2269.5,2629,2644.5,1629.75,1122,1103.25,1023.25,1387.25,2184.75,2447.5,2481.5,2706.75,2494.5,1651.25,1236.25,1144.5,1074,1458.5,2352,2647,2685.75,2927.25,2716.5,1723.5,8
"384",1312.5,1347.25,1562.5,1755,2143,2455.5,2424.25,2818.25,3063.5,1998.5,1321.5,1310.75,1285,1644,2472.25,2767.5,2817.75,3080.75,2834.75,2001.5,1585.75,1516.5,1546,1888.5,2693.5,2998,3094,3383,3634.25,2605.5,8
"385",1295.25,1334.5,1400.25,1600.75,2048.5,2276.5,2235,2567.75,2523.5,1713.5,1258.75,1233.5,1195.5,1487.25,2174.25,2382.75,2437.5,2658,2516.5,1828,1549.25,1485.25,1495,1803.25,2583,2845.5,2964,3209.75,3127.75,2266.75,8
"386",1164.75,1157.75,1240,1475.75,2047.25,2365.25,2346.5,2713.5,2869.5,1757.25,1240.25,1197.25,1178.5,1462.5,2131.5,2362.75,2458,2646.75,3147.25,2174.75,1329.25,1229.25,1225.75,1555.5,2461.25,2799.5,2915.75,3180.75,3295.75,2078.5,8
"387",1165.75,1168.25,1188.25,1443.5,1965.75,2215.5,2178.75,2519.25,2509.75,1670.5,1195.25,1150.25,1102.75,1408.5,1997.25,2203.75,2240.5,2445.5,2623,1953,1329,1254.25,1192.25,1555.25,2354.5,2632,2721,2966,2865,2025,8
"388",1115,1108,1130.75,1385.25,1896.5,2169.75,2119.75,2444.5,2377,1580.75,1124.5,1072.75,1018.25,1341.25,1971.75,2187.75,2214,2411.5,2385.25,1739.5,1216.25,1085.25,988.5,1355.5,2186.25,2456.75,2489,2703.5,2401.75,1617,8
"389",998,1022,1120.25,1368,1883.5,2114,2026.5,2262,2062.5,1332.5,957.75,909.25,952.5,1208.25,1734.25,1909.75,1917.5,2016.75,1988,1396.25,1096.25,1032.5,1058,1400,2268,2489.25,2503,2648.25,2159.5,1434.75,8
"390",899,861.75,798.5,1059.75,1705.25,1941.5,1878.5,2167.25,1669,986.75,849.25,753,654.75,921.75,1654.25,1874.5,1885.5,2013.5,1615.5,1033,969.5,822.5,669.5,993,2044,2309.5,2358.75,2505.75,1635.75,973,8
"391",987,1005.5,1050.75,1319.75,1861.75,2109,2045,2311.5,2148.75,1326.75,925.75,850.5,802,1057.25,1650.75,1820.75,1829,1973.5,1943.25,1301.25,1053.5,935,867.25,1181.75,2072.5,2327,2366.25,2484.25,2061.5,1285,8
"392",1079.75,1137.25,1223.5,1469.25,1984,2227.75,2146,2415.25,2211.75,1408.25,1045.25,1027.5,1032.75,1316.25,2028.25,2231.5,2241,2398,2221.75,1519,1201,1159.75,1151.25,1482,2463.75,2710,2714.25,2888,2402.25,1558.25,8
"393",995.25,975.25,1018.25,1235.75,1739.75,1958,1867.5,2108.25,1912,1265.75,974.25,906,926,1170.75,1824.5,2039,1989.75,2124.25,1982,1420.75,1109.5,989,982.5,1286.5,2108.5,2373.5,2368.5,2494,2064.5,1409.25,8
"394",874.5,849,730,1030.25,1941.25,2275.5,2239.5,2511.75,1537.75,830.25,869.25,803.5,683.5,1011.5,1894.25,2129.25,2168.25,2328.75,1700.25,1033,970.25,859.5,664.25,1092.25,2552.25,2980,3026.5,3242.5,1660,883.75,8
"395",963,926.5,939,1173,1686,1887,1789.25,2015.75,1848,1209.25,972.5,903.75,928.75,1177.25,1812,1968.5,1941.25,2044.25,2015.5,1466.5,1040,885.75,795.5,1106.25,1911.75,2123,2085,2227.5,1770.75,1171.5,8
"396",968.75,898.75,907.25,1091.25,1533.5,1726.75,1649,1895,1828,1148.5,927.75,811.5,728.75,974,1633.75,1820.5,1791,1945,1756,1180.75,1059.25,879,767.5,1023.5,1775.5,2016.25,1991.75,2163,1799.75,1116.5,8
"397",931.25,890.75,812.25,1073.5,1714.25,1965,1903.25,2183.5,1741.5,1024.5,926,840.75,719.5,1023.5,1833,2053.5,2055.75,2204.5,1820.5,1171.75,1075.75,952.75,801.25,1173.25,2365.75,2709.75,2690,2940.25,2089.5,1269.75,8
"398",989.75,977,993.5,1212.75,1832,2090.5,2025.75,2305.75,1999.25,1226,959,891.25,825.25,1113.5,1871,2130.75,2137.75,2286,2017.5,1344.5,1114.25,1005.5,957.25,1270.75,2229.5,2509,2524.25,2724.25,2240,1420.25,8
"399",968.25,915.5,892.5,1101.25,1575.25,1782.75,1714.5,1970.75,1847.25,1152.5,945.75,843.5,743.75,1027.25,1736,1943.25,1931.25,2089.75,1863,1241.25,1096.75,928.5,815.25,1124.25,2011,2265.75,2271.5,2479.25,2053,1272.25,8
"400",955.75,927,917,1165.75,1772.5,2014,1956.75,2212.25,1818,1091.5,946.25,877.75,792.5,1101.75,1921.5,2153.25,2153,2317.5,1876.5,1198.25,1097.5,982.25,896.5,1245.75,2398.75,2746.75,2724.25,2963.5,2089.25,1304.25,8
"401",956.75,912.25,920,1118.5,1664,1904.75,1828,2073.5,1842.75,1139.25,956.5,865.5,830.5,1094,1789,1997.75,2006.25,2155.5,1945,1286.25,1097.25,944.5,887,1168,2047.75,2350.5,2314.5,2587.5,2176.5,1357,8
"402",965.5,913.25,871.75,1087,1648,1872.5,1817.5,2084.25,1792,1070,934.25,837.75,737,1007.25,1708.75,1920.75,1917.75,2069,1820.75,1170.5,1090,939,830.25,1137.75,1996.75,2275.75,2260,2482,2052.25,1273.25,8
"403",966.75,964.25,996.5,1258.5,1935.25,2222.5,2153.75,2468.25,2135.75,1305,972.75,945.75,952.25,1236,1927.25,2162,2221.5,2334,2179.75,1470.75,985.75,827.25,737.5,975,1649.75,1820,1919.5,1992.25,1577.75,990,8
"404",959.75,911,892.25,1114.5,1726,2016.5,1947.5,2257,1847,1071.75,939.5,847.75,739.25,1034.5,1908.5,2206.75,2224.25,2414.25,1942.5,1193.75,1050.25,889.5,752.5,1062,2135.25,2465.75,2510.5,2750.75,1999,1157,8
"405",1041.25,999.25,1041.75,1281.25,1769.75,2021.5,1934.25,2254,2131.25,1292.5,1040,953.75,909.25,1210.75,1924.75,2187.25,2156.75,2350.5,2233.5,1462.5,1151.25,997,945,1264.75,2126.25,2404.25,2394.75,2653.75,2366.5,1472.5,8
"406",965.75,921.5,849.25,1115,1750.25,2043.75,1966,2254.5,1629,934,954.25,861.25,716.5,1047.5,1973,2268.5,2281.25,2465.25,1719,1040.25,1055.75,886.75,713,1041.75,2148.25,2477.5,2487.25,2680.25,1674.25,970.75,8
"407",1058.5,1045.75,1129.5,1364.75,1830.75,2103.75,2040.75,2379,2297.25,1347,1013.75,939.75,855.5,1164.75,1895.25,2129,2123.25,2312.75,2238.75,1412.25,1150,995.75,927.25,1243.25,1978,2243.25,2249,2497.75,2443.25,1479.5,8
